,Date,Sticky_Price_CPI,Sticky_Price_CPI_Less_Shelter,Sticky_Price_CPI_Less_Food_Energy,Sticky_Price_CPI_Less_Food_Energy_Shelter,Trimmed_Mean_PCE_Inflation_Rate,16_Percent_Trimmed_Mean_CPI,Median_CPI,Flexible_Price_CPI,Flexible_Price_CPI_Less_Food_Energy
0,12/1/1983,4.377147631,4.208073522,4.465480085,4.315652121,3.63,3.875568376,4.269291416,3.017262119,6.637492764
1,1/1/1984,4.425435913,4.43661856,4.485762548,4.538306566,3.59,4.026467561,4.255864247,3.916634291,6.373551916
2,2/1/1984,4.471231217,4.493513636,4.524563869,4.586146661,3.64,4.073956536,4.229323585,4.92476333,5.801148141
3,3/1/1984,4.575400021,4.440690297,4.65415841,4.539974153,3.79,4.146830842,4.255355925,5.179457982,6.210968611
4,4/1/1984,4.542161493,4.422483032,4.646319003,4.567245479,3.78,4.154403188,4.225946613,4.498236733,6.474237514
5,5/1/1984,4.624311409,4.573684588,4.708074066,4.70038276,3.7,4.037716702,4.194941268,3.745819116,6.699676209
6,6/1/1984,4.697065373,4.656541427,4.787485493,4.796470013,3.71,4.037094059,4.371217874,3.588976371,6.582641996
7,7/1/1984,4.823600793,4.710993468,4.897092721,4.807008983,3.8,4.099640717,4.455732085,3.300863021,6.102864084
8,8/1/1984,4.943342234,4.828997409,5.032939607,4.951070872,3.88,4.183682503,4.43864864,3.162223815,5.601281149
9,9/1/1984,4.987028264,4.890255381,5.140612141,5.12176722,3.86,4.229501698,4.408636503,3.096117846,5.184120652
10,10/1/1984,4.938077332,4.786900424,5.103857709,5.026105154,3.94,4.204883016,4.307290161,3.135667925,4.840725721
11,11/1/1984,4.820389624,4.655362683,4.968986894,4.863138249,3.77,4.069998915,4.116925573,2.973454617,4.157135834
12,12/1/1984,4.927254642,4.745073267,5.052939222,4.911430559,3.88,4.052667136,4.108008431,2.757164457,3.798133445
13,1/1/1985,4.594186034,4.250429031,4.726710471,4.392038884,3.73,3.805660195,3.959772518,2.170723186,3.759300393
14,2/1/1985,4.735431995,4.297193122,4.871701461,4.423987451,3.82,3.877020274,4.039830736,1.990830603,4.649502179
15,3/1/1985,4.811491167,4.499341948,4.962072036,4.677737858,3.82,3.960991727,4.105601541,2.265703261,4.422035971
16,4/1/1985,4.633397262,4.470355471,4.754134291,4.632960618,3.61,3.808686838,4.107250773,2.188510942,3.762550305
17,5/1/1985,4.878042931,4.376163887,5.037120921,4.526427613,3.69,3.784137188,4.099661702,1.80411093,2.714215349
18,6/1/1985,4.916405631,4.409571462,5.05654234,4.527718804,3.75,3.889417828,4.132539411,1.822888928,2.343941109
19,7/1/1985,4.788995689,4.345703213,4.948295318,4.509905509,3.55,3.747703957,3.941824549,1.615458967,1.714158208
20,8/1/1985,4.792136104,4.212487124,4.94547442,4.336684654,3.54,3.497770235,3.839366313,1.012532932,1.336733731
21,9/1/1985,4.70220158,4.181583569,4.7871651,4.206636901,3.5,3.419155481,3.753897103,0.973067836,1.367924051
22,10/1/1985,4.823756291,4.289798388,4.891950804,4.284403628,3.46,3.406268845,3.751083068,0.741710211,1.320564917
23,11/1/1985,5.050456594,4.394954118,5.149995169,4.414799541,3.61,3.631189547,3.982801038,1.339061214,1.536561998
24,12/1/1985,4.914869031,4.280391431,5.030732007,4.331861804,3.62,3.744785102,3.946138585,2.084711496,1.763321811
25,1/1/1986,5.174584068,4.620183749,5.296961132,4.700085303,3.72,3.815967459,4.058781033,1.972696149,1.59129617
26,2/1/1986,4.996538315,4.57658679,5.124947576,4.696165868,3.47,3.488214076,3.856838038,0.438922443,0.434586251
27,3/1/1986,5.085772292,4.494205619,5.229854261,4.601905974,3.28,3.289495571,3.829731813,-1.961601045,-0.166160458
28,4/1/1986,5.221268884,4.498944074,5.370857251,4.586863035,3.33,3.262092099,3.802865821,-3.626908053,-0.305037932
29,5/1/1986,4.929251311,4.533484094,5.040741681,4.630967907,3.26,3.255805195,3.713340165,-3.151327523,0.070250775
30,6/1/1986,4.933546871,4.589392605,5.042080888,4.693402346,3.24,3.243252687,3.585385346,-2.762930701,0.057698412
31,7/1/1986,4.886928617,4.612108459,4.975291061,4.698129592,3.27,3.272302363,3.718278052,-3.105379454,0.595269057
32,8/1/1986,4.743393533,4.549196539,4.838260997,4.663951905,3.19,3.377047913,3.703498648,-2.819638339,0.886632188
33,9/1/1986,4.842261218,4.543152416,4.962973389,4.677568866,3.2,3.42345504,3.749485442,-2.606661343,0.995562011
34,10/1/1986,4.744666482,4.397589912,4.897657302,4.5749434,3.27,3.39973968,3.808444756,-2.947548511,0.937526797
35,11/1/1986,4.493195622,4.252299421,4.591247998,4.362112351,3.2,3.211042942,3.743682442,-3.360890794,1.014466603
36,12/1/1986,4.560487653,4.461544456,4.64519092,4.582559314,3.13,3.145539677,3.814225764,-3.721001566,0.927939581
37,1/1/1987,4.434686849,4.333645351,4.481798225,4.388389906,3.16,3.274649719,3.891371665,-2.57838573,1.397895934
38,2/1/1987,4.389380841,4.157761126,4.44093159,4.192360279,3.22,3.434113956,3.905422733,-0.862148232,1.7722676
39,3/1/1987,4.22613005,4.155083433,4.263792189,4.203717708,3.41,3.489023846,3.856533799,1.311323728,2.463180154
40,4/1/1987,4.282098845,4.206536684,4.358079784,4.323319141,3.57,3.700267045,3.903213938,3.204518046,3.224806353
41,5/1/1987,4.3216431,4.138264927,4.416917659,4.262355193,3.66,3.833584888,4.092974553,3.385517127,3.813710683
42,6/1/1987,4.097082798,3.88819209,4.175391862,3.975187035,3.6,3.780293839,4.048764513,3.684944246,4.146252494
43,7/1/1987,4.107141787,3.971880784,4.166490008,4.044673399,3.59,3.826670672,4.062775412,4.366195762,4.143204399
44,8/1/1987,4.21773301,3.982892306,4.280898407,4.040928317,3.74,3.96045003,4.065307718,5.033045122,4.267072121
45,9/1/1987,4.234592066,4.055717173,4.291035748,4.114883852,3.71,4.030836818,4.167000313,4.919935969,4.34892807
46,10/1/1987,4.286826485,4.007175562,4.343067431,4.046104329,3.73,4.07388874,4.134807938,5.262990478,4.647148194
47,11/1/1987,4.251599844,4.013532241,4.314664296,4.07310103,3.72,4.097452446,4.027981918,5.406471387,4.71584218
48,12/1/1987,4.231618382,3.748418092,4.302583149,3.764268901,3.63,3.933895344,3.936844767,5.138174405,4.306318113
49,1/1/1988,4.276513288,3.714372785,4.383640423,3.777645421,3.62,3.770856902,3.767655926,3.881421736,3.979763545
50,2/1/1988,4.298611687,3.819990038,4.386553409,3.868142744,3.58,3.760198232,3.731695191,2.952551542,3.64365784
51,3/1/1988,4.373500428,3.886768723,4.451939222,3.915485434,3.56,3.796935226,3.783203654,2.85635313,3.872756428
52,4/1/1988,4.344401055,4.072630335,4.388452903,4.089142582,3.51,3.790011206,3.783586165,3.20654653,4.115962636
53,5/1/1988,4.387480613,4.216283426,4.445286952,4.282044005,3.49,3.743762716,3.692715544,3.013041367,3.774935727
54,6/1/1988,4.612333941,4.415671293,4.685384324,4.503492809,3.59,3.839032157,3.843088445,2.727379672,3.773922374
55,7/1/1988,4.65198281,4.40870214,4.712055892,4.461294456,3.77,3.944634842,3.874838773,3.26867566,3.810690062
56,8/1/1988,4.633284795,4.459216916,4.685749317,4.514520742,3.71,3.943185478,4.037687094,2.962854,3.168261791
57,9/1/1988,4.67156076,4.526903045,4.73102913,4.60206515,3.87,4.054010789,4.019692321,3.345090244,3.862837119
58,10/1/1988,4.574468482,4.640180671,4.616281806,4.732604422,3.82,4.118109558,4.060341987,3.633295102,4.019009443
59,11/1/1988,4.691280839,4.688127343,4.751873732,4.798727993,3.87,4.105754335,4.029354167,3.441963363,3.722401304
60,12/1/1988,4.741324332,4.930650426,4.798725378,5.08097901,4.01,4.265319866,4.122461345,3.680444254,4.190886421
61,1/1/1989,4.723486606,5.096444284,4.756783262,5.245617081,4.05,4.3749805,4.236228,4.202421479,4.543779962
62,2/1/1989,4.758804392,5.110908501,4.792426849,5.255791704,4.15,4.49906207,4.428459206,4.7495161,4.591680385
63,3/1/1989,4.720700101,4.964682171,4.760352769,5.095161193,4.16,4.617103142,4.479611593,5.33815645,4.475256811
64,4/1/1989,4.59859855,4.794625544,4.627130987,4.893188441,4.16,4.569290657,4.491372347,6.341195786,3.992692761
65,5/1/1989,4.736250341,4.890379325,4.751380664,4.954324218,4.24,4.749395167,4.656184674,6.813706777,3.961098757
66,6/1/1989,4.724806584,4.941273106,4.753801306,5.045446032,4.13,4.659968779,4.58778059,6.290294793,3.693349929
67,7/1/1989,4.85663347,4.898565335,4.905247602,4.997600123,4.04,4.643185424,4.690864633,5.556248243,3.286916859
68,8/1/1989,4.818196697,4.948592094,4.865522153,5.066140944,3.95,4.472359216,4.488371709,4.690721641,3.080647853
69,9/1/1989,4.67248583,4.896732074,4.684441734,4.971316983,3.8,4.23858633,4.360102894,4.044214549,2.513222475
70,10/1/1989,4.792601406,4.798297941,4.81739966,4.845202171,3.94,4.349798714,4.434575055,4.34987456,2.593683435
71,11/1/1989,4.796860832,4.779708974,4.811218772,4.802092588,3.92,4.499241505,4.535964296,4.483452686,2.900712314
72,12/1/1989,4.825075475,4.746945209,4.842735403,4.761144387,3.94,4.579880476,4.520876288,4.624167792,2.996463743
73,1/1/1990,4.882618792,4.77779534,4.92058886,4.822856029,3.85,4.647472385,4.56526397,6.175042138,2.521465064
74,2/1/1990,4.904509516,4.961047592,4.935526464,5.031079288,3.82,4.624434652,4.546375965,6.362605419,3.36368828
75,3/1/1990,5.168488466,5.218415861,5.208700881,5.303906087,3.95,4.626935275,4.564263631,5.676784129,3.436815659
76,4/1/1990,5.247451152,5.262637115,5.294133558,5.351799613,3.9,4.561378296,4.600362027,3.858001799,3.22781191
77,5/1/1990,5.152442029,5.241523972,5.183754067,5.31986806,3.8,4.360568781,4.482054554,3.089015489,3.056538173
78,6/1/1990,5.334121606,5.244395004,5.388456883,5.323128292,3.94,4.601859982,4.629545947,3.698959593,3.21825789
79,7/1/1990,5.449435709,5.322466461,5.535071884,5.450405969,3.96,4.696164037,4.587297184,3.89709625,3.425299288
80,8/1/1990,5.736043079,5.443325632,5.855903558,5.595561284,4.14,4.989979448,4.822453103,5.870937606,4.060302167
81,9/1/1990,5.792587855,5.531140531,5.948660349,5.756736053,4.13,5.093777903,4.766898255,7.50046073,3.901297306
82,10/1/1990,5.678116649,5.67271552,5.817450968,5.927836892,4.01,4.95259479,4.715642016,8.295871019,3.521240643
83,11/1/1990,5.568051025,5.705502397,5.70341926,5.986898052,3.89,4.886956054,4.66957736,8.350793654,3.287766088
84,12/1/1990,5.53740698,5.654764162,5.672549361,5.931108988,3.84,4.85623582,4.777034167,8.268986024,3.776060129
85,1/1/1991,5.770078409,5.766212074,5.839029006,5.892445985,3.82,4.961947935,4.80575731,5.98328015,4.342133402
86,2/1/1991,5.844499403,5.88751487,5.883436919,5.969654811,3.72,4.905056748,4.753482785,4.751070333,4.109651684
87,3/1/1991,5.456652321,5.585080896,5.496431415,5.688757212,3.43,4.688179508,4.62025055,4.130008261,3.592462833
88,4/1/1991,5.275343917,5.383268361,5.302381155,5.458749504,3.35,4.644352304,4.458141504,4.523596843,3.869462281
89,5/1/1991,5.209231728,5.3257192,5.248477287,5.425526299,3.45,4.741324486,4.500081084,5.204043378,4.182812745
90,6/1/1991,4.943056382,5.244513187,4.959978472,5.346449158,3.23,4.428863482,4.272631828,4.717824967,4.203834914
91,7/1/1991,4.74727399,5.248076891,4.735708693,5.34390024,3.1,4.290626827,4.201345827,4.214550052,4.435542166
92,8/1/1991,4.454717365,5.195105823,4.413788018,5.29195285,2.91,4.062680653,3.98727006,2.898370301,4.698363373
93,9/1/1991,4.497609646,5.119588065,4.465741661,5.205393976,2.9,4.055731846,4.091929869,1.504960666,4.42916885
94,10/1/1991,4.336425146,4.765196616,4.310597235,4.817330952,2.83,3.878220715,3.906098369,0.205544212,4.425957949
95,11/1/1991,4.369553829,4.674047156,4.370003221,4.745608697,2.97,3.884535136,3.962570242,0.566988032,4.817803438
96,12/1/1991,4.356866103,4.632576921,4.366592403,4.71446042,3,3.848612886,3.761720471,0.590612708,4.185496166
97,1/1/1992,3.988187113,4.237512706,4.069913371,4.445747263,2.88,3.484145217,3.442653564,0.15097457,3.497180985
98,2/1/1992,3.749960468,3.894551065,3.878184354,4.163214266,2.9,3.348589173,3.295615872,0.988820005,3.19545707
99,3/1/1992,3.851339963,4.034557629,3.990512759,4.332185452,2.99,3.426556991,3.306553106,1.787584816,3.438103312
100,4/1/1992,3.90155677,4.209143038,4.077543119,4.603002259,2.94,3.372823069,3.227566625,1.543181859,3.053097875
101,5/1/1992,3.760670642,3.969054274,3.937860894,4.341717761,2.8,3.260016645,3.089353842,1.431466728,3.565284644
102,6/1/1992,3.695388587,3.7701467,3.875841001,4.117433092,2.8,3.349130867,3.204436173,1.825997416,3.577099765
103,7/1/1992,3.585303479,3.685942841,3.785344226,4.074927358,2.82,3.237788899,2.982495338,2.205768288,3.378489101
104,8/1/1992,3.446802816,3.428190396,3.644349796,3.784513638,2.75,3.134857931,2.901180871,2.501070535,3.117118022
105,9/1/1992,3.193932876,3.20169809,3.363566041,3.513001876,2.61,2.986112655,2.718059917,2.659875395,3.282172521
106,10/1/1992,3.4463085,3.543000004,3.654950596,3.94624992,2.64,3.130952124,2.83843967,2.910377176,3.377630072
107,11/1/1992,3.449742629,3.61743842,3.649402976,4.020574807,2.61,3.027365825,2.754591409,2.446947621,2.951554029
108,12/1/1992,3.30044226,3.557996415,3.497528562,3.977330867,2.5,2.899294374,2.690304363,2.302491782,3.004306245
109,1/1/1993,3.352219515,3.59111082,3.547354737,4.002560042,2.5,2.94898431,2.833065296,2.993485596,3.287557155
110,2/1/1993,3.375068247,3.603843317,3.580667722,4.031632081,2.51,3.013006296,2.808622587,2.997784101,3.662483702
111,3/1/1993,3.166172224,3.381893576,3.353160609,3.772410133,2.45,2.888201929,2.634798424,2.884627875,3.492129529
112,4/1/1993,3.238557629,3.279085655,3.422176699,3.623012199,2.52,3.000811844,2.773068395,3.153134892,3.817329248
113,5/1/1993,3.346696979,3.476188834,3.551431283,3.878999787,2.57,3.00574436,2.787485036,3.058260061,3.155592558
114,6/1/1993,3.381305587,3.571006844,3.583428873,3.983087543,2.53,2.883965956,2.643439965,2.226672443,2.781073629
115,7/1/1993,3.255889097,3.423617302,3.437046316,3.791908022,2.5,2.783680783,2.635906746,2.009372663,2.657774567
116,8/1/1993,3.335217463,3.583433268,3.522739086,3.981609066,2.49,2.843792942,2.670322007,1.859685507,2.642833583
117,9/1/1993,3.443821211,3.668431355,3.656038681,4.106148292,2.53,2.858575062,2.709656004,1.276113641,1.809232452
118,10/1/1993,3.252291756,3.506234947,3.433321443,3.89330059,2.49,2.81387442,2.702724027,1.858929083,1.715609006
119,11/1/1993,3.259568917,3.51627113,3.445125507,3.91185649,2.43,2.833666817,2.732520104,1.718565757,1.926881602
120,12/1/1993,3.36629056,3.574356617,3.557822725,3.969689548,2.4,2.890323084,2.811152839,1.539333786,1.629781365
121,1/1/1994,3.200947439,3.444955674,3.384372964,3.833698155,2.36,2.758268355,2.750398559,1.111081451,1.022895296
122,2/1/1994,3.224560573,3.294534323,3.424654259,3.674349265,2.35,2.775592515,2.859343964,1.100814701,0.490537782
123,3/1/1994,3.363360549,3.398118913,3.578833286,3.797974737,2.41,2.824638767,2.899187069,1.035073177,0.66342934
124,4/1/1994,3.170573134,3.31700008,3.364064138,3.701972731,2.31,2.638540471,2.767967305,0.736414105,0.445517429
125,5/1/1994,3.060097684,3.104992764,3.238103819,3.438798539,2.27,2.63966682,2.761836779,0.701895034,0.945100876
126,6/1/1994,3.028227608,3.150609951,3.207540833,3.504072458,2.34,2.70840146,2.790703653,1.436800673,1.580747553
127,7/1/1994,3.056055923,3.161512984,3.245680943,3.529782281,2.35,2.794355845,2.822709096,2.090855713,1.480862221
128,8/1/1994,3.121133119,3.032314142,3.318864731,3.371862514,2.34,2.831267056,2.905063036,2.543941548,1.221270856
129,9/1/1994,3.079538638,2.953663222,3.267212367,3.266627155,2.32,2.844300603,3.022734918,2.871123595,2.078538727
130,10/1/1994,2.999188096,2.77898171,3.178740091,3.056246571,2.26,2.700211115,2.899440279,1.923141057,2.012951907
131,11/1/1994,2.984578071,2.713233115,3.142092625,2.939279564,2.28,2.710350517,2.961786443,2.029662055,1.613925044
132,12/1/1994,2.785434679,2.648777253,2.915659975,2.855262807,2.25,2.526642221,2.8271671,2.475247957,1.718533221
133,1/1/1995,3.002662378,2.94383008,3.159681044,3.215963946,2.35,2.697301899,2.949371764,2.686224596,2.104528573
134,2/1/1995,2.995605991,3.05451878,3.139699974,3.329231313,2.29,2.698735955,2.927138658,2.673500078,2.254145927
135,3/1/1995,3.062252995,3.139812347,3.184482491,3.378890907,2.25,2.712058542,3.01819958,2.459475679,2.191682477
136,4/1/1995,3.184097316,3.202427332,3.322916117,3.458447433,2.31,2.816659987,3.113500018,2.943748998,2.32899544
137,5/1/1995,3.234050813,3.214392418,3.367477772,3.45236246,2.27,2.814813691,3.168256651,2.938798883,1.872043213
138,6/1/1995,3.214124404,3.114314171,3.34707431,3.333695037,2.19,2.715757869,3.101572695,2.744853332,1.427003972
139,7/1/1995,3.274842995,3.128278899,3.402097044,3.327014277,2.16,2.687469958,3.182307631,1.918513478,1.232962687
140,8/1/1995,3.158840535,3.165094941,3.255560049,3.341919129,2.21,2.653784384,3.134311581,1.388972557,1.693931935
141,9/1/1995,3.250276745,3.248818361,3.368207809,3.462535087,2.23,2.673656993,3.094140329,1.146275259,1.414679832
142,10/1/1995,3.363775376,3.401144354,3.479287466,3.619018684,2.32,2.809609479,3.178368591,1.502992603,1.449600886
143,11/1/1995,3.273164714,3.284880699,3.394879542,3.508459799,2.27,2.697250698,3.035381202,1.152205203,1.519405692
144,12/1/1995,3.268078946,3.112527668,3.397750888,3.313826743,2.31,2.850475942,3.150345558,1.075571067,1.547606375
145,1/1/1996,3.178719964,2.952153464,3.294296705,3.112474382,2.25,2.855397301,3.116422054,1.869456236,1.595895377
146,2/1/1996,3.180150214,3.007709739,3.278044833,3.147715249,2.25,2.822466524,3.056469432,1.828397428,1.500715659
147,3/1/1996,3.054600698,2.843757123,3.15123296,2.973113165,2.26,2.827903903,3.043652657,2.483275502,1.570443541
148,4/1/1996,2.951186119,2.74291247,3.021419042,2.825029276,2.22,2.780930666,3.000041398,2.710594812,1.037274059
149,5/1/1996,2.99526099,2.874604284,3.065009249,2.974947591,2.25,2.789441288,2.948372892,2.692334335,0.981080604
150,6/1/1996,3.004889649,2.936445726,3.066510398,3.03337667,2.29,2.809348764,2.982903693,2.379021338,0.858458233
151,7/1/1996,3.051380889,2.883032678,3.103134864,2.940379122,2.32,2.86978846,2.996525281,2.671374749,0.946439529
152,8/1/1996,3.037152699,2.881062484,3.096243134,2.954373851,2.31,2.799915669,2.944617038,2.478400577,0.408734407
153,9/1/1996,3.039402299,2.952505322,3.076709572,3.001260615,2.36,2.828427957,2.933559532,3.065795598,0.775981223
154,10/1/1996,2.953140808,2.880326868,2.957328624,2.87204749,2.34,2.811405162,2.904845124,3.252400564,0.712802032
155,11/1/1996,2.998834802,2.963231908,2.99348831,2.94568016,2.39,2.902336312,2.973691536,3.943625504,0.807259728
156,12/1/1996,3.078266373,3.192336113,3.066760867,3.195905757,2.38,2.871326709,2.941899026,3.986256129,0.647969724
157,1/1/1997,2.953415051,2.948338857,2.924852958,2.895185483,2.35,2.77555069,2.879729144,3.402323554,0.583957563
158,2/1/1997,2.850478556,2.690282395,2.815492049,2.592152721,2.36,2.737097729,2.856641286,3.506257572,0.904633663
159,3/1/1997,2.896853207,2.832546662,2.868448161,2.766958911,2.31,2.630804037,2.843550238,2.425418166,0.451199147
160,4/1/1997,2.932535305,2.841956506,2.924881516,2.808384624,2.31,2.579290879,2.83144587,1.434555461,1.103670337
161,5/1/1997,2.877985963,2.752795076,2.883239208,2.735186996,2.22,2.500805466,2.8062616,0.872944274,0.96673631
162,6/1/1997,2.835803434,2.651139596,2.841507556,2.62154572,2.22,2.520243951,2.805194643,1.098896565,0.653919057
163,7/1/1997,2.768735207,2.669566558,2.764311367,2.639952339,2.13,2.44405622,2.70753936,0.893270972,0.690339844
164,8/1/1997,2.681189089,2.44339859,2.668660701,2.369091309,2.06,2.380048944,2.707047306,1.42019565,0.679789385
165,9/1/1997,2.578046769,2.262642897,2.558893145,2.159686496,2.05,2.316329224,2.657269959,1.444072107,0.465912889
166,10/1/1997,2.621910754,2.307575409,2.633884037,2.261217479,1.9,2.261118407,2.623913557,1.029804205,0.499804267
167,11/1/1997,2.552678937,2.172780211,2.564888202,2.112656709,1.8,2.160044766,2.558524419,0.502891983,0.302081215
168,12/1/1997,2.620230263,2.117392333,2.636585632,2.038263976,1.73,2.125986491,2.630871207,-0.248154016,0.360548423
169,1/1/1998,2.658705279,2.257622177,2.686312997,2.22116412,1.66,2.05384427,2.580563527,-0.673496606,0.282033222
170,2/1/1998,2.674784096,2.341487331,2.70235568,2.319800807,1.61,2.001692318,2.624536921,-1.239432899,0.280553095
171,3/1/1998,2.652317533,2.217367179,2.682792941,2.179793439,1.65,2.063732866,2.582061145,-1.154967547,0.144647361
172,4/1/1998,2.627904714,2.179599426,2.650550927,2.125562858,1.63,2.068318236,2.522699102,-0.93169667,0.015079513
173,5/1/1998,2.612687688,2.153399984,2.621199946,2.071958539,1.71,2.106631132,2.556110493,-0.15423283,0.31828703
174,6/1/1998,2.596711539,2.07667144,2.610692088,1.993407301,1.64,2.044882707,2.608112202,-0.28406739,0.680349616
175,7/1/1998,2.589534761,2.056649259,2.613395599,1.989129972,1.69,2.060570214,2.707199256,0.007308244,0.933188502
176,8/1/1998,2.619592272,2.109942794,2.643666793,2.048850877,1.75,2.147413702,2.795133581,-0.291119891,1.796903738
177,9/1/1998,2.597861759,2.063086005,2.603431515,1.96334397,1.7,2.032418181,2.847973146,-0.892291334,1.612646885
178,10/1/1998,2.535457711,1.927012612,2.54435291,1.818572599,1.77,2.009202094,2.919245032,-0.721984362,1.340736465
179,11/1/1998,2.520813404,1.942709373,2.531446927,1.844425937,1.78,2.009100252,2.876145887,-0.607407109,1.566577245
180,12/1/1998,2.44488028,1.88469991,2.446189532,1.773549128,1.81,1.974062408,2.786294129,0.157840445,2.767634939
181,1/1/1999,2.4087818,1.861945,2.3907588,1.7181243,1.85,1.931706889,2.71303041,0.45498132,2.7085341
182,2/1/1999,2.3506789,1.8011382,2.3238316,1.6405057,1.8,1.861981143,2.61851111,0.48697347,1.8118606
183,3/1/1999,2.2822686,1.7565686,2.2464619,1.5843154,1.72,1.763054827,2.568257387,0.92726359,1.7380889
184,4/1/1999,2.274017,1.7752419,2.2358613,1.6040989,1.77,1.864951979,2.60172415,2.663482,2.4479878
185,5/1/1999,2.1969196,1.6776047,2.1625267,1.5091399,1.73,1.771429544,2.49132333,2.1415039,2.0898924
186,6/1/1999,2.1155256,1.6158932,2.0812547,1.4515877,1.76,1.738097508,2.329157565,2.0383518,2.1436676
187,7/1/1999,2.1609086,1.7380637,2.1244533,1.5852,1.79,1.723068831,2.261073536,2.5284957,2.2763306
188,8/1/1999,2.152055,1.7735013,2.1074137,1.6143607,1.75,1.690790071,2.177420271,2.9184458,1.4506901
189,9/1/1999,2.1076373,1.7288354,2.0832919,1.6068148,1.8,1.869513329,2.120655094,4.2200283,2.5378109
190,10/1/1999,2.0959672,1.8217176,2.0639533,1.7067772,1.81,1.816128404,1.984319634,4.1817752,2.8011339
191,11/1/1999,2.1876394,1.9166506,2.1623251,1.8147011,1.84,1.811045985,1.983881893,3.9927961,2.4154763
192,12/1/1999,2.2011939,1.9696859,2.1818508,1.8867598,1.88,1.858840919,2.034464207,4.0495131,1.1906143
193,1/1/2000,2.3504356,2.0206612,2.350195,1.952939,2,2.03119416,2.225289316,4.1848808,1.1535969
194,2/1/2000,2.3919678,2.0340143,2.3950909,1.9666339,2.12,2.193206218,2.312392822,5.4863714,1.6819927
195,3/1/2000,2.4859336,2.1770809,2.4989589,2.137968,2.24,2.415786858,2.443255732,7.0016941,2.5496684
196,4/1/2000,2.4108773,2.0600839,2.4247194,2.0139276,2.18,2.269826317,2.410014429,4.8829035,2.0312508
197,5/1/2000,2.5473184,2.2549422,2.5736327,2.2437772,2.22,2.393124574,2.505039041,4.878859,2.0084318
198,6/1/2000,2.6938463,2.4228436,2.7153642,2.4072049,2.27,2.556562135,2.669029843,6.4088047,1.9151595
199,7/1/2000,2.7043448,2.4117576,2.7240005,2.3882381,2.3,2.647984874,2.755747532,6.1265233,1.7078173
200,8/1/2000,2.844609,2.6014072,2.8853852,2.6270113,2.32,2.666427838,2.798657002,4.9150951,1.6868814
201,9/1/2000,2.8755604,2.5943559,2.908796,2.5981839,2.39,2.667963824,2.847694537,5.1581689,1.1655822
202,10/1/2000,2.8951252,2.5105651,2.9310365,2.4981814,2.42,2.716771108,2.932219823,4.9612265,0.86049457
203,11/1/2000,2.8381875,2.4468697,2.8816134,2.4470767,2.45,2.724975318,2.971088929,5.3049984,1.6103388
204,12/1/2000,2.9305429,2.4980984,2.9838403,2.5081538,2.5,2.832864308,3.028958211,4.9897957,1.1787494
205,1/1/2001,2.8561438,2.5076079,2.8896431,2.4982148,2.52,2.879008572,3.04751701,6.028456,1.5997175
206,2/1/2001,2.9443798,2.6067508,2.9893325,2.6207861,2.54,2.866896734,3.051793993,5.2125233,1.8970432
207,3/1/2001,2.9342928,2.4690047,2.9711853,2.4419991,2.5,2.766191711,3.016463842,3.3889051,1.4340167
208,4/1/2001,3.062486,2.5878494,3.1007641,2.5615037,2.59,2.833829814,3.089016013,3.9025583,0.88180894
209,5/1/2001,3.0591613,2.4651633,3.0843327,2.3902232,2.59,2.866761963,3.1429493,5.13388,0.55745809
210,6/1/2001,3.1834572,2.6223397,3.2118098,2.5600538,2.67,2.851989633,3.17450177,3.6759843,0.85952801
211,7/1/2001,3.1873481,2.5899913,3.2190557,2.5264214,2.63,2.743767152,3.090897901,2.1759366,0.83752466
212,8/1/2001,3.2358771,2.5747134,3.2635089,2.4906255,2.65,2.717824999,3.168218733,2.1534671,0.44959837
213,9/1/2001,3.3563551,2.7439425,3.3990087,2.697604,2.53,2.641909843,3.144313046,1.5195618,-0.22775967
214,10/1/2001,3.4508186,2.8341175,3.4934371,2.7868409,2.5,2.613835371,3.267616073,0.07691066,-0.53018207
215,11/1/2001,3.5617818,2.9206981,3.6122717,2.8832531,2.47,2.68052488,3.333728226,-0.80778808,-0.39038607
216,12/1/2001,3.5136536,2.7932568,3.5754587,2.7590063,2.37,2.562043286,3.265021588,-1.5767934,-0.06682089
217,1/1/2002,3.4978798,2.7508631,3.5684398,2.7265556,2.24,2.371901353,3.155667221,-2.8096592,-0.88772556
218,2/1/2002,3.4836509,2.7349978,3.5387817,2.6807528,2.23,2.306832555,3.20125877,-2.9321681,-0.96730397
219,3/1/2002,3.4076534,2.6627057,3.480145,2.6399867,2.22,2.265076709,3.191272802,-2.0412535,-1.4601857
220,4/1/2002,3.3894009,2.664497,3.4775061,2.6745671,2.17,2.308762578,3.152161153,-1.1523263,-0.94130743
221,5/1/2002,3.3758193,2.784966,3.4632677,2.821741,2.11,2.197645559,3.06195577,-2.5001805,-0.86416981
222,6/1/2002,3.1868513,2.5325068,3.2512149,2.5115836,2.01,2.020384028,2.977010122,-2.6080173,-1.1926248
223,7/1/2002,3.1936793,2.5606664,3.2740984,2.5741237,2.03,2.079461857,2.961080655,-1.4686731,-1.5484488
224,8/1/2002,3.0730886,2.520369,3.1567969,2.5571563,2,2.125521084,2.834616521,-0.45351918,-0.35845443
225,9/1/2002,2.9595389,2.3579966,3.0374651,2.3722935,2.07,2.092698274,2.829219757,-1.0242698,-0.3379724
226,10/1/2002,2.8766237,2.3478244,2.9477485,2.3643484,2.08,2.119406874,2.674118427,0.6754092,-0.31819559
227,11/1/2002,2.7732559,2.2798416,2.8341831,2.2843782,2.06,2.071624293,2.54651614,1.4763514,-0.96458885
228,12/1/2002,2.7502223,2.3399213,2.8018315,2.345607,2.1,2.062146246,2.591217291,2.0579812,-1.0849192
229,1/1/2003,2.7060319,2.2681039,2.7875531,2.3242041,2.08,2.097511624,2.542822152,3.1576972,-0.94444646
230,2/1/2003,2.6347765,2.2650414,2.7046594,2.3143897,2.01,2.141345732,2.425735746,4.494314,-1.3959742
231,3/1/2003,2.5812321,2.2929179,2.6277872,2.3165034,1.99,2.056609486,2.279693978,4.2050192,-1.4488972
232,4/1/2003,2.4271526,2.1830243,2.4593491,2.1894234,1.84,1.808987505,2.1017308,1.8052307,-2.0897582
233,5/1/2003,2.3265512,2.0602515,2.3483407,2.0420309,1.82,1.740070316,1.989367352,1.1947219,-1.2679928
234,6/1/2003,2.2477974,2.1038984,2.27155,2.1167925,1.74,1.763755457,1.874275083,1.5300327,-1.3190644
235,7/1/2003,2.2218166,2.0931821,2.237208,2.0937006,1.77,1.769848054,1.90958046,1.9136831,-1.075394
236,8/1/2003,2.1540704,1.977911,2.1655338,1.9604023,1.8,1.723238421,1.915530953,2.640021,-1.8714065
237,9/1/2003,2.1676604,2.0608353,2.1842475,2.0685488,1.75,1.727402607,1.857843335,3.2509228,-2.350809
238,10/1/2003,2.1482103,2.0286212,2.1611133,2.026487,1.73,1.669823816,1.839737002,2.298003,-1.8698577
239,11/1/2003,2.0524895,1.9003318,2.0365931,1.8362674,1.74,1.533129224,1.779197201,2.1206872,-2.1652895
240,12/1/2003,2.0144136,1.9422524,1.976213,1.8532315,1.74,1.620422752,1.678715163,2.6132628,-1.9810141
241,1/1/2004,2.0355379,2.0785931,1.9607229,1.9454074,1.81,1.610075746,1.681922438,2.3714843,-1.7508829
242,2/1/2004,2.1035138,2.1593302,2.0481367,2.0656569,1.88,1.646076164,1.75944027,1.2691454,-1.7528168
243,3/1/2004,2.1842462,2.2486572,2.1370611,2.1725437,1.88,1.758197123,1.89332226,1.2789605,-0.50567987
244,4/1/2004,2.3157634,2.3099385,2.2577613,2.1974355,2.12,1.949825249,2.059474645,2.4736611,0.01488914
245,5/1/2004,2.2997495,2.2479033,2.2378638,2.1172465,2.21,2.128584882,2.237960324,4.6600039,-0.19690497
246,6/1/2004,2.4233653,2.3186277,2.3794884,2.2105082,2.33,2.25406626,2.371951323,5.1660657,-0.20878485
247,7/1/2004,2.3371421,2.2031498,2.2638524,2.0317056,2.26,2.148366866,2.296873033,4.6170573,-0.32640727
248,8/1/2004,2.3497585,2.1857679,2.2577292,1.9713563,2.2,2.075967856,2.339733966,3.3286556,-0.52792314
249,9/1/2004,2.3489764,2.2403807,2.240201,2.0061317,2.19,2.119281012,2.350124567,3.171717,0.89450151
250,10/1/2004,2.3445623,2.3109776,2.2372194,2.0959225,2.21,2.238313628,2.397175401,5.2667753,1.2100347
251,11/1/2004,2.3870582,2.4305836,2.3012131,2.2736827,2.25,2.440027988,2.421910712,6.5564376,1.8725912
252,12/1/2004,2.3864027,2.3455379,2.3138859,2.1956661,2.27,2.364601491,2.431667266,5.8059012,1.9011225
253,1/1/2005,2.3987315,2.3078221,2.3158903,2.1267711,2.37,2.391376465,2.531478266,4.2725119,2.1011458
254,2/1/2005,2.3735664,2.2059684,2.2862449,1.9991334,2.38,2.394951828,2.563913293,4.8636798,2.6562677
255,3/1/2005,2.3331537,2.1641221,2.2461526,1.9575764,2.39,2.397506683,2.493998976,5.3590387,2.8801662
256,4/1/2005,2.3204471,2.2662963,2.2397223,2.0974889,2.29,2.498903305,2.457116765,6.1234433,2.1764589
257,5/1/2005,2.4242376,2.4393861,2.3579552,2.3140554,2.25,2.412726218,2.453059937,4.1584291,1.6569432
258,6/1/2005,2.2935552,2.2743242,2.1993552,2.0870449,2.18,2.258747475,2.36117098,3.3666357,1.6645601
259,7/1/2005,2.3653537,2.3612622,2.3010794,2.2354087,2.25,2.397959779,2.465978675,5.0592403,1.5450524
260,8/1/2005,2.3301306,2.3490282,2.2644059,2.2254663,2.28,2.455243356,2.411779298,7.0542421,1.8769729
261,9/1/2005,2.3862565,2.4030872,2.3340762,2.3053856,2.4,2.596039677,2.567384602,10.947795,0.67752178
262,10/1/2005,2.3816722,2.3527325,2.3253024,2.2366426,2.45,2.565742395,2.623090017,9.6710428,1.1943122
263,11/1/2005,2.4859772,2.4493744,2.4316658,2.3355813,2.46,2.575666541,2.736739268,6.6545504,1.1064415
264,12/1/2005,2.5169183,2.5031165,2.4690335,2.4069276,2.44,2.535110333,2.761039144,6.4235505,1.0883958
265,1/1/2006,2.4957249,2.4512031,2.4510191,2.3543218,2.39,2.647989157,2.716432485,8.8745183,1.1426687
266,2/1/2006,2.5420473,2.503952,2.4992554,2.4122807,2.34,2.53042752,2.61378904,7.5874648,0.87634148
267,3/1/2006,2.6203838,2.5288946,2.581219,2.4323413,2.38,2.516101738,2.712707629,6.7345233,0.54008128
268,4/1/2006,2.7080343,2.515711,2.6806926,2.4194968,2.48,2.482672049,2.778750586,7.2838611,1.1581358
269,5/1/2006,2.8175496,2.5321644,2.7839595,2.4029982,2.61,2.57299986,2.871247103,8.2216999,1.3911718
270,6/1/2006,3.0394806,2.6885472,3.0344298,2.6000353,2.78,2.737700771,3.003177045,8.3764725,1.4794723
271,7/1/2006,3.094944,2.6821729,3.0939988,2.5878122,2.8,2.743644351,3.005283366,8.0017102,1.4022617
272,8/1/2006,3.204878,2.7403274,3.2251144,2.6753967,2.86,2.869407469,3.204614296,6.9260612,1.6353475
273,9/1/2006,3.1840443,2.6257119,3.212012,2.5547463,2.78,2.706091449,3.044647676,0.98356688,2.0625428
274,10/1/2006,3.2560625,2.6097727,3.2911246,2.532683,2.7,2.632294493,3.071129858,-1.0253336,1.1508692
275,11/1/2006,3.1271153,2.3328772,3.1482614,2.1955614,2.57,2.465435528,3.086801323,0.50322492,0.67812917
276,12/1/2006,3.1148317,2.2355458,3.1241583,2.0562536,2.67,2.565529025,3.130461641,2.3172983,0.80301793
277,1/1/2007,3.1522756,2.3033941,3.1457342,2.0997638,2.71,2.516139481,3.137149255,0.68384458,0.78721615
278,2/1/2007,3.1700287,2.333475,3.161558,2.1286523,2.82,2.727987123,3.335030067,1.7347519,1.0316602
279,3/1/2007,3.1190543,2.3022913,3.1090014,2.0988121,2.77,2.791458446,3.302087621,3.0110016,0.23556111
280,4/1/2007,3.0062887,2.2491957,2.9667028,2.001812,2.66,2.740393758,3.258587116,2.474231,0.15560526
281,5/1/2007,2.8293126,2.1863632,2.783324,1.951956,2.51,2.667952107,3.097582742,3.2666355,0.20261135
282,6/1/2007,2.7009751,2.1495934,2.6305791,1.8880237,2.41,2.638967214,3.1032588,3.5261567,0.31154377
283,7/1/2007,2.6400399,2.1739061,2.5346411,1.8631887,2.35,2.573347298,3.084417574,2.364213,0.66411112
284,8/1/2007,2.5998347,2.1652581,2.4685402,1.8108157,2.3,2.426159467,2.882165995,1.2527509,0.51980764
285,9/1/2007,2.6453727,2.2757114,2.4838823,1.8767547,2.38,2.530548164,3.015403406,3.6868966,0.5551507
286,10/1/2007,2.6564271,2.373422,2.5033248,2.0100293,2.46,2.700522463,2.997491102,6.0078016,0.723737
287,11/1/2007,2.798439,2.6166671,2.6563697,2.297182,2.66,2.917115993,3.034961135,8.1766142,1.1327801
288,12/1/2007,2.8407389,2.7136523,2.7127336,2.4336985,2.63,2.942071097,3.056426669,7.214764,1.3295267
289,1/1/2008,2.8615973,2.8055044,2.7470404,2.5681932,2.56,3.006143806,3.083012272,7.7185598,1.4104099
290,2/1/2008,2.7488494,2.7068559,2.6165653,2.4378288,2.44,2.901319211,2.951358685,7.4655279,0.98870555
291,3/1/2008,2.8270983,2.890972,2.6887664,2.6342511,2.48,2.951514125,2.980717214,6.7154255,1.2061672
292,4/1/2008,2.8589686,2.9090846,2.7251103,2.6579474,2.5,2.965077163,2.970038368,6.3796261,0.54408853
293,5/1/2008,2.9326009,3.0410332,2.7937419,2.7938519,2.55,3.094143685,2.979195231,6.8031625,0.4097791
294,6/1/2008,3.0724734,3.250108,2.9376962,3.0269498,2.6,3.290942237,3.044257972,9.4662244,0.18018678
295,7/1/2008,3.1567105,3.415167,3.0142542,3.1960055,2.69,3.629893415,3.140709661,11.107951,0.21726066
296,8/1/2008,3.2130463,3.5825646,3.0845059,3.416518,2.63,3.619958672,3.204047648,10.432893,0.09928348
297,9/1/2008,3.216438,3.6072557,3.0766785,3.4242408,2.57,3.55455206,3.159989427,9.2895498,-0.21850332
298,10/1/2008,3.1100906,3.4920114,2.9291949,3.2260968,2.44,3.256068915,3.056954754,6.0424334,-0.75455615
299,11/1/2008,2.9943854,3.3428384,2.7864624,3.0154979,2.35,2.977306715,2.928335353,-0.46746064,-1.2485294
300,12/1/2008,2.87277,3.2781881,2.6304305,2.8961922,2.21,2.760030512,2.707601302,-3.2677572,-1.9357852
301,1/1/2009,2.7854207,3.1113899,2.5522481,2.7291644,2.22,2.604328847,2.634393557,-3.3527502,-2.066926
302,2/1/2009,2.7761062,3.1253507,2.5594949,2.7812632,2.22,2.552323741,2.574841377,-2.8853435,-1.3756681
303,3/1/2009,2.6637115,2.9180027,2.4535819,2.5646581,2.14,2.283303808,2.480441733,-4.0274196,-0.94284166
304,4/1/2009,2.5891659,2.8481684,2.3761457,2.490232,2.08,2.143366001,2.448659811,-4.2372439,0.22555404
305,5/1/2009,2.4783283,2.6208261,2.2888288,2.2821073,1.99,1.886086379,2.350743451,-5.3398971,0.1108957
306,6/1/2009,2.2616096,2.4153288,2.0898948,2.1143373,1.86,1.604188509,2.076411764,-5.1462847,0.21488522
307,7/1/2009,2.0590105,2.2078718,1.9228669,1.9757469,1.62,1.063350945,1.7548797,-6.9528256,-0.06048281
308,8/1/2009,1.9022783,2.0160997,1.7701932,1.783855,1.6,1.057093064,1.645949908,-5.219457,0.14585652
309,9/1/2009,1.7247611,1.9717921,1.6158958,1.8165635,1.48,0.974205908,1.458515621,-4.5548421,1.0787157
310,10/1/2009,1.6025574,1.917573,1.5209969,1.8321642,1.5,1.12827699,1.374467867,-1.1613208,2.7484414
311,11/1/2009,1.452156,1.9404773,1.3714917,1.8983092,1.38,1.197727119,1.256008654,4.3827017,3.4182175
312,12/1/2009,1.3811075,1.8819213,1.3248615,1.8900592,1.36,1.226762682,1.264187667,7.1028417,4.4097104
313,1/1/2010,1.2225891,1.8105965,1.1770019,1.8584163,1.2,1.12721857,1.121050784,7.3396219,4.3229021
314,2/1/2010,1.0912075,1.6975454,1.0548474,1.7668624,1.08,0.949850037,0.933509744,5.9926413,3.9586586
315,3/1/2010,0.96655014,1.6785991,0.93183853,1.7742046,1,0.929363875,0.75058362,6.6953339,3.3607883
316,4/1/2010,0.89983653,1.6759002,0.87602978,1.8067822,0.93,0.896182005,0.63374151,6.5328291,2.4433392
317,5/1/2010,0.83746334,1.6473005,0.7998678,1.7587608,0.88,0.838007087,0.549068462,5.8455938,2.6126809
318,6/1/2010,0.82548421,1.5965995,0.78483473,1.6919614,0.81,0.7588491,0.591292666,2.3059055,2.7753228
319,7/1/2010,0.78714627,1.4828783,0.74959322,1.5656598,0.85,0.871305875,0.633596928,3.1776674,2.9641342
320,8/1/2010,0.75048235,1.4685907,0.69562861,1.5215384,0.85,0.832014159,0.53442504,2.6047344,2.9922629
321,9/1/2010,0.73610008,1.3222349,0.6676136,1.3166357,0.88,0.832316243,0.585909864,2.5441573,2.5623207
322,10/1/2010,0.74137255,1.2654004,0.67526624,1.2494543,0.8,0.749164032,0.580584071,2.7701,1.3519914
323,11/1/2010,0.86409736,1.2990638,0.82600201,1.3163845,0.85,0.778954586,0.647240402,2.239952,1.0751976
324,12/1/2010,0.87637902,1.2475815,0.83710132,1.2491603,0.89,0.851977771,0.724769465,3.4072698,0.85745153
325,1/1/2011,1.0033789,1.3385152,0.96003713,1.3245995,1,1.034932693,0.856634338,3.5172647,1.1578144
326,2/1/2011,1.1657638,1.5015097,1.1238816,1.4905749,1.16,1.295177959,1.099377504,4.5864437,1.1576684
327,3/1/2011,1.2498888,1.5402878,1.1861014,1.4773291,1.29,1.511933337,1.269335797,6.1652792,1.3641261
328,4/1/2011,1.2986964,1.5501914,1.21555,1.4416184,1.42,1.683766461,1.419046666,7.7308095,1.8612675
329,5/1/2011,1.3491834,1.5886583,1.2613949,1.4686026,1.56,1.98193032,1.588580404,8.9962356,2.4827691
330,6/1/2011,1.3969052,1.6034506,1.2990532,1.4570161,1.62,2.086594498,1.643756306,9.0620543,3.1208803
331,7/1/2011,1.5213769,1.6941055,1.4236275,1.5408113,1.7,2.193644757,1.802704628,8.9848593,3.5472722
332,8/1/2011,1.7420101,1.9145566,1.6569751,1.7859933,1.79,2.395002685,2.031953556,9.0324826,3.7325858
333,9/1/2011,1.7973795,1.9480531,1.7268145,1.8430012,1.84,2.468002173,2.111641227,9.0844607,3.509621
334,10/1/2011,1.9065985,2.0162057,1.8413647,1.9128705,1.93,2.522092693,2.186745699,7.7462428,3.6882899
335,11/1/2011,1.9177675,2.0109119,1.8407168,1.8812137,1.99,2.580318811,2.231076993,7.4589485,3.9056945
336,12/1/2011,2.1132117,2.2734823,2.0478499,2.179963,2.06,2.598267663,2.313135197,5.6117722,3.6687066
337,1/1/2012,2.1984213,2.3757476,2.1159285,2.2521691,2.09,2.604154526,2.389919457,5.1977636,3.2695965
338,2/1/2012,2.1068579,2.2120336,2.0181912,2.0618819,2.02,2.428099454,2.295465572,5.0413936,3.0299303
339,3/1/2012,2.1917819,2.2663196,2.1247577,2.1516291,2.02,2.39365193,2.351941241,3.6864192,3.0471432
340,4/1/2012,2.2433121,2.2526052,2.1937928,2.1587029,1.99,2.341655254,2.354936652,2.4451296,3.1479445
341,5/1/2012,2.2414846,2.234176,2.1896843,2.1327403,1.92,2.11126731,2.306978344,0.63812271,2.7925606
342,6/1/2012,2.2899613,2.3522236,2.2407468,2.2697862,1.9,2.112952664,2.306588152,0.24636893,2.1066223
343,7/1/2012,2.3098703,2.4184502,2.2616531,2.3472245,1.84,1.985851244,2.268819779,-0.59564582,1.4207187
344,8/1/2012,2.2152473,2.2656318,2.1718632,2.1916407,1.79,1.898063397,2.206321811,0.65009747,0.79619101
345,9/1/2012,2.2597788,2.2831531,2.2199385,2.2106982,1.79,1.874254698,2.189239372,1.4733803,0.98549609
346,10/1/2012,2.2377123,2.2355631,2.2070705,2.176109,1.78,1.942454419,2.176943035,2.2014825,0.97864355
347,11/1/2012,2.2194376,2.1957152,2.1959869,2.1459314,1.7,1.891741211,2.195746568,1.1337077,0.75523799
348,12/1/2012,2.1401464,2.0753701,2.1097305,2.0040636,1.62,1.851227442,2.147063829,1.1947621,0.83827303
349,1/1/2013,2.0760846,1.9695041,2.0682971,1.933392,1.58,1.764044052,2.109351114,1.1151968,1.2005159
350,2/1/2013,2.1440483,2.0300899,2.146017,2.0112535,1.62,1.871477854,2.173313164,2.1049326,1.2498571
351,3/1/2013,2.1062838,1.9895309,2.0999025,1.9541024,1.57,1.747231102,2.072599548,0.51334483,0.75829068
352,4/1/2013,1.9658654,1.7761625,1.9354319,1.6797693,1.43,1.644089636,2.056265022,-0.43714832,0.48273371
353,5/1/2013,1.9322544,1.6613105,1.907797,1.5601237,1.41,1.639097938,2.074998188,0.49439244,0.22737235
354,6/1/2013,1.8939378,1.5216976,1.8766189,1.4140614,1.51,1.642122158,2.092940004,1.6804553,0.24628415
355,7/1/2013,1.8869455,1.5264407,1.867879,1.417874,1.56,1.721519028,2.086227709,2.2841676,0.80598674
356,8/1/2013,1.9216768,1.5427318,1.9142202,1.4527728,1.55,1.733342536,2.063288811,0.90310943,1.0492371
357,9/1/2013,1.8869765,1.5075335,1.8904211,1.43841,1.54,1.693605909,2.058760648,-0.54353826,1.0068848
358,10/1/2013,1.8732468,1.4885409,1.8687356,1.4030718,1.55,1.587909486,1.999186331,-1.2356456,0.65669644
359,11/1/2013,1.9056004,1.4857829,1.8930866,1.3778539,1.62,1.607023661,2.043494463,-0.22690915,0.89101397
360,12/1/2013,1.8852549,1.3641427,1.8711904,1.2332332,1.68,1.681104244,2.131130332,0.70195566,1.0277977
361,1/1/2014,1.8315635,1.2327037,1.8218145,1.0947187,1.64,1.733370028,2.103298074,1.0444611,0.37833335
362,2/1/2014,1.8101115,1.1998155,1.7891863,1.0382456,1.59,1.660548271,2.094930257,-0.39252823,0.2573364
363,3/1/2014,1.8456695,1.1930687,1.8208567,1.0157462,1.62,1.783935373,2.232071014,1.158743,0.70073071
364,4/1/2014,2.0228819,1.468726,2.0251612,1.3628865,1.77,1.93495716,2.242583802,2.1211156,0.72542762
365,5/1/2014,2.1183686,1.6184119,2.1282345,1.5379903,1.82,2.059750317,2.291695375,2.416938,0.99896288
366,6/1/2014,2.1339067,1.6432551,2.1433409,1.5639172,1.78,2.011449303,2.22251069,1.997926,0.7665968
367,7/1/2014,2.1035862,1.5102009,2.1008094,1.3870386,1.8,2.040046985,2.255997578,1.7750846,0.5057532
368,8/1/2014,1.9908637,1.3484116,1.9625042,1.1664132,1.74,1.897527269,2.222879327,1.1519906,0.52446313
369,9/1/2014,2.0014988,1.3329649,1.954047,1.1091534,1.75,1.884338602,2.198119515,1.0112811,0.60782357
370,10/1/2014,2.0535463,1.4173807,2.0060187,1.1998274,1.73,1.926350088,2.304027461,0.62709486,0.84040858
371,11/1/2014,2.0682839,1.4336909,2.0043657,1.1848901,1.7,1.851857281,2.274967951,-0.6505233,0.28445607
372,12/1/2014,2.0417165,1.4548092,1.9711259,1.2023466,1.67,1.793560405,2.236664577,-2.3701529,-0.26275953
373,1/1/2015,2.0592479,1.4508533,1.985653,1.1882748,1.57,1.641179487,2.198416242,-5.1093248,-0.27625929
374,2/1/2015,2.0579543,1.3958821,1.9819969,1.1177876,1.62,1.66102685,2.165378679,-4.63736,0.1109105
375,3/1/2015,2.0629211,1.4056617,1.9991371,1.1517328,1.62,1.652415974,2.130080801,-4.4111105,0.39862254
376,4/1/2015,2.11742,1.4698241,2.0631236,1.23598,1.62,1.621339357,2.192131168,-4.8675105,0.43297279
377,5/1/2015,2.1282903,1.4875664,2.0668869,1.2412999,1.6,1.569917346,2.188448548,-4.3037044,0.03115954
378,6/1/2015,2.1687246,1.4674452,2.1147326,1.2233164,1.62,1.65973851,2.32702818,-3.8822999,-0.04791418
379,7/1/2015,2.1721011,1.4433265,2.1414477,1.2384797,1.59,1.63405959,2.286731739,-3.7284843,0.18886356
380,8/1/2015,2.1976946,1.4648908,2.1802398,1.2842853,1.62,1.674045164,2.27701367,-3.7591912,0.11655964
381,9/1/2015,2.3055499,1.6072152,2.279431,1.4164765,1.61,1.757691214,2.36547225,-4.7781345,-0.1311385
382,10/1/2015,2.3713747,1.7092955,2.3462109,1.5276346,1.56,1.755068488,2.353322514,-4.5829763,-0.45308722
383,11/1/2015,2.4002477,1.7859224,2.4052606,1.671921,1.52,1.79681939,2.354087379,-3.6839279,-0.14577105
384,12/1/2015,2.4267429,1.7867997,2.4436874,1.6911658,1.51,1.737116212,2.308264928,-3.2222022,0.06484594
385,1/1/2016,2.4706194,1.8466633,2.4667222,1.7145084,1.63,1.804084013,2.371679903,-1.6432275,0.34743915
386,2/1/2016,2.5325163,1.9632486,2.5442092,1.8724214,1.63,1.83315381,2.420352951,-3.0541651,0.43125606
387,3/1/2016,2.524287,1.9659331,2.531878,1.8695731,1.64,1.811235618,2.402727563,-2.8426734,-0.00852115
388,4/1/2016,2.5317118,1.9646308,2.537996,1.8640751,1.68,1.88570177,2.473965627,-1.8138762,0.06803691
389,5/1/2016,2.5578411,1.9304376,2.5711572,1.8319365,1.7,1.953624324,2.538658887,-2.2983063,0.56037966
390,6/1/2016,2.5561693,1.9431326,2.5689022,1.8468391,1.68,1.929129427,2.466266056,-2.2525114,0.64013411
391,7/1/2016,2.5763857,1.9829065,2.5758512,1.8652834,1.71,1.921437315,2.513742643,-3.0836417,-0.07169506
392,8/1/2016,2.7089355,2.1924512,2.7228064,2.1182091,1.75,2.010345599,2.60630994,-2.7732164,0.04700944
393,9/1/2016,2.5996153,1.952253,2.6321032,1.8886092,1.79,1.998588382,2.564702053,-0.80485365,0.29341221
394,10/1/2016,2.4802117,1.6813435,2.5095184,1.5818307,1.88,2.014536468,2.542519958,0.05423434,0.61622002
395,11/1/2016,2.4882912,1.6163281,2.5258013,1.5185083,1.92,2.047524601,2.5586622,0.02094743,0.1249755
396,12/1/2016,2.55745,1.710157,2.594944,1.617167,1.97,2.145512022,2.575739324,1.131565,0.0761994
397,1/1/2017,2.619338,1.85542,2.661562,1.787637,2.02,2.272285471,2.636122514,2.629855,0.0995085
398,2/1/2017,2.632062,1.885102,2.67446,1.821021,1.99,2.320134877,2.698857529,3.590425,-0.0514933
399,3/1/2017,2.429762,1.544488,2.453344,1.416756,1.93,2.24059511,2.67306728,2.74087,-0.0511679
400,4/1/2017,2.247479,1.279662,2.25217,1.09923,1.88,2.072300348,2.483946079,2.21451,0.0750167
401,5/1/2017,2.15305,1.185573,2.155911,1.001468,1.8,1.95562523,2.38691765,1.252128,-0.4436283
402,6/1/2017,2.125491,1.156375,2.13853,0.9916804,1.79,1.870561172,2.36964077,0.4607942,-0.6215355
403,7/1/2017,2.131408,1.188976,2.146769,1.033938,1.73,1.844837303,2.33895371,0.7348228,-0.851769
404,8/1/2017,2.088795,1.063281,2.089832,0.8642485,1.74,1.835384859,2.300041175,1.681884,-0.674155
405,9/1/2017,2.116569,1.180827,2.106697,0.9778104,1.74,1.783488444,2.330923841,2.722612,-1.195272
406,10/1/2017,2.1924,1.322542,2.192819,1.152266,1.73,1.798959392,2.364877276,1.907567,-0.568017
407,11/1/2017,2.132831,1.262783,2.115031,1.056951,1.76,1.800743178,2.361676449,2.666605,-0.3071017
408,12/1/2017,2.148421,1.251497,2.125472,1.02985,1.77,1.848253576,2.438051298,2.435092,-0.180385
409,1/1/2018,2.181068,1.28109,2.166305,1.074791,1.8,1.901922185,2.498406483,2.25705,0.2253635
410,2/1/2018,2.156108,1.296291,2.131896,1.079657,1.83,1.899250715,2.392031753,2.716882,0.3130116
411,3/1/2018,2.366232,1.613937,2.369197,1.470341,1.88,1.94676814,2.396009162,2.404261,0.5838504
412,4/1/2018,2.480445,1.74427,2.493423,1.622934,1.84,2.040655873,2.511110194,2.634434,0.0880594
413,5/1/2018,2.540699,1.839019,2.544991,1.707471,1.95,2.131816562,2.583494939,3.667009,0.6395465
414,6/1/2018,2.564106,1.919216,2.553219,1.769079,1.98,2.209445347,2.644978443,3.713393,0.4093306
415,7/1/2018,2.526926,1.820776,2.519634,1.664795,2.02,2.202206742,2.644090564,4.0143,0.8134042
416,8/1/2018,2.435685,1.691321,2.432878,1.535886,2,2.178777497,2.645926432,3.409022,0.3329825
417,9/1/2018,2.459032,1.773115,2.461933,1.640543,2.02,2.20616694,2.60120581,1.996309,0.6998937
418,10/1/2018,2.415122,1.718599,2.414988,1.577308,2,2.236869708,2.616327848,2.694197,0.4542408
419,11/1/2018,2.480321,1.790278,2.476794,1.643353,2.05,2.294788262,2.724520249,1.270032,0.7179068
420,12/1/2018,2.48376,1.878777,2.46437,1.718392,2.04,2.348114629,2.720863581,0.840484,1.052102
421,1/1/2019,2.411346,1.767114,2.385533,1.586341,1.92,2.246938108,2.64338096,-0.4141217,1.021019
422,2/1/2019,2.412526,1.687411,2.376648,1.470726,1.95,2.205219444,2.727788055,-0.5184259,0.72938
423,3/1/2019,2.436187,1.698228,2.399684,1.477758,1.98,2.299433786,2.831757198,0.6253362,0.3580462
424,4/1/2019,2.445644,1.681357,2.407927,1.452894,2.13,2.285224342,2.77710818,1.175148,0.5153611
425,5/1/2019,2.43108,1.673533,2.39723,1.453584,2.03,2.183287009,2.741837023,0.461187,0.0340921
426,6/1/2019,2.462939,1.665215,2.421751,1.422845,2,2.180483653,2.839366519,-0.1678163,0.665562
427,7/1/2019,2.5111,1.781217,2.460848,1.534966,2.05,2.271460057,2.869327032,0.1900699,0.7843994
428,8/1/2019,2.666672,2.094742,2.629246,1.90528,2.07,2.299970573,2.88323732,-0.3692097,1.022406
429,9/1/2019,2.642322,2.000223,2.606767,1.799939,2,2.313042581,2.951431383,-0.4230867,1.082734
430,10/1/2019,2.760724,2.273746,2.733341,2.120842,2.01,2.380439388,2.94469444,-0.5368199,0.2820578
431,11/1/2019,2.774669,2.347057,2.768217,2.246838,1.92,2.424443545,2.922047125,0.4412348,0.1585591
432,12/1/2019,2.746159,2.281338,2.746361,2.186299,1.91,2.377395444,2.897057411,1.291131,-0.2286617
433,1/1/2020,2.798425,2.324786,2.797067,2.224857,2.01,2.399007152,2.89506215,1.858717,-0.4756449
434,2/1/2020,2.802705,2.368547,2.812936,2.299025,2.01,2.420797441,2.868734741,1.284601,0.0799114
435,3/1/2020,2.657748,2.169316,2.647379,2.048239,1.92,2.35050741,2.84872909,-1.115059,-0.6346526
436,4/1/2020,2.268669,1.596154,2.226352,1.373823,1.74,2.195942287,2.82278898,-4.148506,-2.61747
437,5/1/2020,2.159064,1.417184,2.084208,1.116954,1.84,2.315783323,2.850861469,-4.253841,-3.086147
438,6/1/2020,2.150961,1.581596,2.058146,1.282542,1.83,2.296461857,2.673575586,-2.211303,-3.282318
439,7/1/2020,2.427197,2.10989,2.348857,1.891249,1.86,2.389195747,2.768430497,-1.739755,-2.333087
440,8/1/2020,2.381297,2.123186,2.288978,1.890031,1.86,2.448043766,2.749429256,-0.4269019,-0.7785925
441,9/1/2020,2.2183,1.989563,2.077391,1.667995,1.89,2.381311448,2.580503646,0.3803714,0.6612983
442,10/1/2020,2.019862,1.64153,1.842159,1.217748,1.8,2.255115649,2.5230243,0.1940351,1.34988
443,11/1/2020,1.986253,1.748414,1.798587,1.334453,1.76,2.138628592,2.336897045,0.0941256,1.517065
444,12/1/2020,1.917466,1.717625,1.716599,1.285772,1.76,2.145203524,2.25443282,1.036579,1.883086
445,1/1/2021,1.730392,1.512859,1.517012,1.052695,1.73,1.989625908,2.114455113,1.910921,1.942252
446,2/1/2021,1.718543,1.511415,1.527009,1.095535,1.74,2.015669796,2.122882245,3.109812,1.159797
447,3/1/2021,1.877076,1.822707,1.706984,1.47988,1.82,2.107004342,2.072336883,6.146532,2.520636
448,4/1/2021,2.391392,2.727986,2.262331,2.54707,1.94,2.435151036,2.136964194,10.18311,8.166115
449,5/1/2021,2.727762,3.283249,2.623164,3.196853,2.04,2.592262442,2.173572134,12.32899,12.04976
450,6/1/2021,2.718451,3.11102,2.588579,2.940789,2.1,2.842621511,2.297438392,13.54876,16.51192
451,7/1/2021,2.507472,2.686862,2.315464,2.351226,2.16,2.931739968,2.294987531,13.93114,16.53079
452,8/1/2021,2.546787,2.648019,2.343064,2.273413,2.26,3.080344823,2.44275371,13.61554,14.50239
453,9/1/2021,2.816287,2.864472,2.638383,2.528438,2.49,3.443598486,2.767938966,13.44291,12.93949
454,10/1/2021,3.21651,3.39237,3.035619,3.077667,2.76,4.08789405,3.245346549,15.66628,14.60567
455,11/1/2021,3.415788,3.456289,3.21432,3.073044,3.03,4.557559621,3.66315294,17.68063,16.5629
456,12/1/2021,3.682026,3.720372,3.484143,3.343302,3.26,4.93605101,3.996148253,18.00233,18.72582
457,1/1/2022,4.169866,4.347896,3.988659,4.03015,3.63,5.476207568,4.451811183,17.90338,19.07013
458,2/1/2022,4.504002,4.731847,4.30707,4.393333,3.78,5.815132674,4.76076698,18.22356,19.74754
459,3/1/2022,4.748841,4.98416,4.558423,4.659331,3.86,6.104879753,5.095440054,19.71955,18.24726
460,4/1/2022,4.922105,5.077198,4.721803,4.715766,3.91,6.200955824,5.371387962,17.84329,14.43543
461,5/1/2022,5.178052,5.281815,4.985582,4.923416,4.1,6.596325003,5.71896361,18.17688,12.20665
462,6/1/2022,5.588576,5.673568,5.422337,5.363652,4.48,6.948771814,6.116707485,18.33251,8.25796
463,7/1/2022,5.763025,5.672198,5.625329,5.384686,4.51,6.987164615,6.356386826,15.87983,7.000935
464,8/1/2022,6.131005,5.972774,5.991705,5.668807,4.75,7.214430532,6.727639041,14.24821,7.569409
465,9/1/2022,6.523821,6.360393,6.392795,6.074067,4.73,7.311568785,7.005436662,12.99324,7.261498
466,10/1/2022,6.513764,6.153527,6.364809,5.793145,4.75,6.940317159,6.909292025,11.32268,5.231457
467,11/1/2022,6.607688,6.095739,6.471178,5.731625,4.7,6.678338053,6.86901729,8.865959,2.758436
468,12/1/2022,6.728024,5.97147,6.617223,5.616926,4.66,6.584775684,6.989473948,6.425943,0.552248
469,1/1/2023,6.666817665,5.667318344,6.554492474,5.267580032,4.63,6.552549583,7.084808092,6.358365536,0.099413104
