date,Sticky_Price_CPI,Sticky_Price_CPI_Risk_Score,Sticky_Price_CPI_Less_Shelter,Sticky_Price_CPI_Less_Shelter_Risk_Score,Sticky_Price_CPI_Less_Food_Energy,Sticky_Price_CPI_Less_Food_Energy_Risk_Score,Sticky_Price_CPI_Less_Food_Energy_Shelter,Sticky_Price_CPI_Less_Food_Energy_Shelter_Risk_Score,Trimmed_Mean_PCE_Inflation_Rate,Trimmed_Mean_PCE_Inflation_Rate_Risk_Score,16_Percent_Trimmed_Mean_CPI,16_Percent_Trimmed_Mean_CPI_Risk_Score,Median_CPI,Median_CPI_Risk_Score,Flexible_Price_CPI,Flexible_Price_CPI_Risk_Score,Flexible_Price_CPI_Less_Food_Energy,Flexible_Price_CPI_Less_Food_Energy_Risk_Score,Monthly_Risk_Score
12/1/1983,4.377,6,4.208,6,4.465,6,4.316,6,3.63,6,3.876,6,4.269,7,3.017,4,6.637,7,6
1/1/1984,4.425,6,4.437,6,4.486,6,4.538,6,3.59,6,4.026,6,4.256,7,3.917,5,6.374,7,6.111
2/1/1984,4.471,6,4.494,6,4.525,6,4.586,6,3.64,6,4.074,7,4.229,7,4.925,6,5.801,7,6.333
3/1/1984,4.575,6,4.441,6,4.654,6,4.54,6,3.79,7,4.147,7,4.255,7,5.179,6,6.211,7,6.444
4/1/1984,4.542,6,4.422,6,4.646,6,4.567,6,3.78,7,4.154,7,4.226,7,4.498,5,6.474,7,6.333
5/1/1984,4.624,6,4.574,6,4.708,6,4.7,7,3.7,6,4.038,6,4.195,7,3.746,5,6.7,7,6.222
6/1/1984,4.697,6,4.657,7,4.787,6,4.796,7,3.71,6,4.037,6,4.371,7,3.589,5,6.583,7,6.333
7/1/1984,4.824,7,4.711,7,4.897,7,4.807,7,3.8,7,4.1,7,4.456,7,3.301,5,6.103,7,6.778
8/1/1984,4.943,7,4.829,7,5.033,7,4.951,7,3.88,7,4.184,7,4.439,7,3.162,4,5.601,7,6.667
9/1/1984,4.987,7,4.89,7,5.141,7,5.122,7,3.86,7,4.23,7,4.409,7,3.096,4,5.184,7,6.667
10/1/1984,4.938,7,4.787,7,5.104,7,5.026,7,3.94,7,4.205,7,4.307,7,3.136,4,4.841,7,6.667
11/1/1984,4.82,7,4.655,7,4.969,7,4.863,7,3.77,7,4.07,6,4.117,6,2.973,4,4.157,7,6.444
12/1/1984,4.927,7,4.745,7,5.053,7,4.911,7,3.88,7,4.053,6,4.108,6,2.757,4,3.798,6,6.333
1/1/1985,4.594,6,4.25,6,4.727,6,4.392,6,3.73,7,3.806,6,3.96,6,2.171,3,3.759,6,5.778
2/1/1985,4.735,6,4.297,6,4.872,7,4.424,6,3.82,7,3.877,6,4.04,6,1.991,3,4.65,7,6
3/1/1985,4.811,7,4.499,6,4.962,7,4.678,6,3.82,7,3.961,6,4.106,6,2.266,3,4.422,7,6.111
4/1/1985,4.633,6,4.47,6,4.754,6,4.633,6,3.61,6,3.809,6,4.107,6,2.189,3,3.763,6,5.667
5/1/1985,4.878,7,4.376,6,5.037,7,4.526,6,3.69,6,3.784,6,4.1,6,1.804,3,2.714,5,5.778
6/1/1985,4.916,7,4.41,6,5.057,7,4.528,6,3.75,7,3.889,6,4.133,7,1.823,3,2.344,5,6
7/1/1985,4.789,7,4.346,6,4.948,7,4.51,6,3.55,6,3.748,6,3.942,6,1.615,2,1.714,4,5.556
8/1/1985,4.792,7,4.212,6,4.945,7,4.337,6,3.54,6,3.498,6,3.839,6,1.013,2,1.337,4,5.556
9/1/1985,4.702,6,4.182,6,4.787,6,4.207,6,3.5,6,3.419,6,3.754,6,0.973,2,1.368,4,5.333
10/1/1985,4.824,7,4.29,6,4.892,7,4.284,6,3.46,6,3.406,6,3.751,6,0.742,2,1.321,4,5.556
11/1/1985,5.05,7,4.395,6,5.15,7,4.415,6,3.61,6,3.631,6,3.983,6,1.339,2,1.537,4,5.556
12/1/1985,4.915,7,4.28,6,5.031,7,4.332,6,3.62,6,3.745,6,3.946,6,2.085,3,1.763,4,5.667
1/1/1986,5.175,7,4.62,6,5.297,7,4.7,7,3.72,7,3.816,6,4.059,6,1.973,3,1.591,4,5.889
2/1/1986,4.997,7,4.577,6,5.125,7,4.696,6,3.47,6,3.488,6,3.857,6,0.439,1,0.435,2,5.222
3/1/1986,5.086,7,4.494,6,5.23,7,4.602,6,3.28,6,3.289,6,3.83,6,-1.962,0,-0.166,1,5
4/1/1986,5.221,7,4.499,6,5.371,7,4.587,6,3.33,6,3.262,5,3.803,6,-3.627,0,-0.305,0,4.778
5/1/1986,4.929,7,4.533,6,5.041,7,4.631,6,3.26,6,3.256,5,3.713,6,-3.151,0,0.07,1,4.889
6/1/1986,4.934,7,4.589,6,5.042,7,4.693,6,3.24,6,3.243,5,3.585,6,-2.763,0,0.058,1,4.889
7/1/1986,4.887,7,4.612,6,4.975,7,4.698,6,3.27,6,3.272,5,3.718,6,-3.105,0,0.595,2,5
8/1/1986,4.743,6,4.549,6,4.838,7,4.664,6,3.19,6,3.377,6,3.703,6,-2.82,0,0.887,3,5.111
9/1/1986,4.842,7,4.543,6,4.963,7,4.678,6,3.2,6,3.423,6,3.749,6,-2.607,0,0.996,3,5.222
10/1/1986,4.745,6,4.398,6,4.898,7,4.575,6,3.27,6,3.4,6,3.808,6,-2.948,0,0.938,3,5.111
11/1/1986,4.493,6,4.252,6,4.591,6,4.362,6,3.2,6,3.211,5,3.744,6,-3.361,0,1.014,3,4.889
12/1/1986,4.56,6,4.462,6,4.645,6,4.583,6,3.13,6,3.146,5,3.814,6,-3.721,0,0.928,3,4.889
1/1/1987,4.435,6,4.334,6,4.482,6,4.388,6,3.16,6,3.275,6,3.891,6,-2.578,0,1.398,4,5.111
2/1/1987,4.389,6,4.158,6,4.441,6,4.192,6,3.22,6,3.434,6,3.905,6,-0.862,1,1.772,4,5.222
3/1/1987,4.226,6,4.155,6,4.264,6,4.204,6,3.41,6,3.489,6,3.857,6,1.311,2,2.463,5,5.444
4/1/1987,4.282,6,4.207,6,4.358,6,4.323,6,3.57,6,3.7,6,3.903,6,3.205,4,3.225,6,5.778
5/1/1987,4.322,6,4.138,6,4.417,6,4.262,6,3.66,6,3.834,6,4.093,6,3.386,5,3.814,6,5.889
6/1/1987,4.097,6,3.888,6,4.175,6,3.975,5,3.6,6,3.78,6,4.049,6,3.685,5,4.146,7,5.889
7/1/1987,4.107,6,3.972,6,4.166,6,4.045,6,3.59,6,3.827,6,4.063,6,4.366,5,4.143,7,6
8/1/1987,4.218,6,3.983,6,4.281,6,4.041,6,3.74,7,3.96,6,4.065,6,5.033,6,4.267,7,6.222
9/1/1987,4.235,6,4.056,6,4.291,6,4.115,6,3.71,6,4.031,6,4.167,7,4.92,6,4.349,7,6.222
10/1/1987,4.287,6,4.007,6,4.343,6,4.046,6,3.73,7,4.074,6,4.135,7,5.263,6,4.647,7,6.333
11/1/1987,4.252,6,4.014,6,4.315,6,4.073,6,3.72,7,4.097,7,4.028,6,5.406,6,4.716,7,6.333
12/1/1987,4.232,6,3.748,6,4.303,6,3.764,5,3.63,6,3.934,6,3.937,6,5.138,6,4.306,7,6
1/1/1988,4.277,6,3.714,6,4.384,6,3.778,5,3.62,6,3.771,6,3.768,6,3.881,5,3.98,6,5.778
2/1/1988,4.299,6,3.82,6,4.387,6,3.868,5,3.58,6,3.76,6,3.732,6,2.953,4,3.644,6,5.667
3/1/1988,4.374,6,3.887,6,4.452,6,3.915,5,3.56,6,3.797,6,3.783,6,2.856,4,3.873,6,5.667
4/1/1988,4.344,6,4.073,6,4.388,6,4.089,6,3.51,6,3.79,6,3.784,6,3.207,5,4.116,7,6
5/1/1988,4.387,6,4.216,6,4.445,6,4.282,6,3.49,6,3.744,6,3.693,6,3.013,4,3.775,6,5.778
6/1/1988,4.612,6,4.416,6,4.685,6,4.503,6,3.59,6,3.839,6,3.843,6,2.727,4,3.774,6,5.778
7/1/1988,4.652,6,4.409,6,4.712,6,4.461,6,3.77,7,3.945,6,3.875,6,3.269,5,3.811,6,6
8/1/1988,4.633,6,4.459,6,4.686,6,4.515,6,3.71,6,3.943,6,4.038,6,2.963,4,3.168,6,5.778
9/1/1988,4.672,6,4.527,6,4.731,6,4.602,6,3.87,7,4.054,6,4.02,6,3.345,5,3.863,6,6
10/1/1988,4.574,6,4.64,7,4.616,6,4.733,7,3.82,7,4.118,7,4.06,6,3.633,5,4.019,6,6.333
11/1/1988,4.691,6,4.688,7,4.752,6,4.799,7,3.87,7,4.106,7,4.029,6,3.442,5,3.722,6,6.333
12/1/1988,4.741,6,4.931,7,4.799,7,5.081,7,4.01,7,4.265,7,4.122,6,3.68,5,4.191,7,6.556
1/1/1989,4.723,6,5.096,7,4.757,6,5.246,7,4.05,7,4.375,7,4.236,7,4.202,5,4.544,7,6.556
2/1/1989,4.759,7,5.111,7,4.792,6,5.256,7,4.15,7,4.499,7,4.428,7,4.75,6,4.592,7,6.778
3/1/1989,4.721,6,4.965,7,4.76,6,5.095,7,4.16,7,4.617,7,4.48,7,5.338,6,4.475,7,6.667
4/1/1989,4.599,6,4.795,7,4.627,6,4.893,7,4.16,7,4.569,7,4.491,7,6.341,6,3.993,6,6.556
5/1/1989,4.736,6,4.89,7,4.751,6,4.954,7,4.24,7,4.749,7,4.656,7,6.814,7,3.961,6,6.667
6/1/1989,4.725,6,4.941,7,4.754,6,5.045,7,4.13,7,4.66,7,4.588,7,6.29,6,3.693,6,6.556
7/1/1989,4.857,7,4.899,7,4.905,7,4.998,7,4.04,7,4.643,7,4.691,7,5.556,6,3.287,6,6.778
8/1/1989,4.818,7,4.949,7,4.866,7,5.066,7,3.95,7,4.472,7,4.488,7,4.691,6,3.081,6,6.778
9/1/1989,4.672,6,4.897,7,4.684,6,4.971,7,3.8,7,4.239,7,4.36,7,4.044,5,2.513,5,6.333
10/1/1989,4.793,7,4.798,7,4.817,7,4.845,7,3.94,7,4.35,7,4.435,7,4.35,5,2.594,5,6.556
11/1/1989,4.797,7,4.78,7,4.811,7,4.802,7,3.92,7,4.499,7,4.536,7,4.483,5,2.901,5,6.556
12/1/1989,4.825,7,4.747,7,4.843,7,4.761,7,3.94,7,4.58,7,4.521,7,4.624,6,2.996,5,6.667
1/1/1990,4.883,7,4.778,7,4.921,7,4.823,7,3.85,7,4.647,7,4.565,7,6.175,6,2.521,5,6.667
2/1/1990,4.905,7,4.961,7,4.936,7,5.031,7,3.82,7,4.624,7,4.546,7,6.363,6,3.364,6,6.778
3/1/1990,5.168,7,5.218,7,5.209,7,5.304,7,3.95,7,4.627,7,4.564,7,5.677,6,3.437,6,6.778
4/1/1990,5.247,7,5.263,7,5.294,7,5.352,7,3.9,7,4.561,7,4.6,7,3.858,5,3.228,6,6.667
5/1/1990,5.152,7,5.242,7,5.184,7,5.32,7,3.8,7,4.361,7,4.482,7,3.089,4,3.057,6,6.556
6/1/1990,5.334,7,5.244,7,5.388,7,5.323,7,3.94,7,4.602,7,4.63,7,3.699,5,3.218,6,6.667
7/1/1990,5.449,7,5.322,7,5.535,7,5.45,7,3.96,7,4.696,7,4.587,7,3.897,5,3.425,6,6.667
8/1/1990,5.736,7,5.443,7,5.856,7,5.596,7,4.14,7,4.99,7,4.822,7,5.871,6,4.06,7,6.889
9/1/1990,5.793,7,5.531,7,5.949,7,5.757,7,4.13,7,5.094,7,4.767,7,7.5,7,3.901,6,6.889
10/1/1990,5.678,7,5.673,7,5.817,7,5.928,7,4.01,7,4.953,7,4.716,7,8.296,7,3.521,6,6.889
11/1/1990,5.568,7,5.706,7,5.703,7,5.987,7,3.89,7,4.887,7,4.67,7,8.351,7,3.288,6,6.889
12/1/1990,5.537,7,5.655,7,5.673,7,5.931,7,3.84,7,4.856,7,4.777,7,8.269,7,3.776,6,6.889
1/1/1991,5.77,7,5.766,7,5.839,7,5.892,7,3.82,7,4.962,7,4.806,7,5.983,6,4.342,7,6.889
2/1/1991,5.844,7,5.888,7,5.883,7,5.97,7,3.72,7,4.905,7,4.753,7,4.751,6,4.11,7,6.889
3/1/1991,5.457,7,5.585,7,5.496,7,5.689,7,3.43,6,4.688,7,4.62,7,4.13,5,3.592,6,6.556
4/1/1991,5.275,7,5.383,7,5.302,7,5.459,7,3.35,6,4.644,7,4.458,7,4.524,5,3.869,6,6.556
5/1/1991,5.209,7,5.326,7,5.248,7,5.426,7,3.45,6,4.741,7,4.5,7,5.204,6,4.183,7,6.778
6/1/1991,4.943,7,5.245,7,4.96,7,5.346,7,3.23,6,4.429,7,4.273,7,4.718,6,4.204,7,6.778
7/1/1991,4.747,7,5.248,7,4.736,6,5.344,7,3.1,6,4.291,7,4.201,7,4.215,5,4.436,7,6.556
8/1/1991,4.455,6,5.195,7,4.414,6,5.292,7,2.91,6,4.063,6,3.987,6,2.898,4,4.698,7,6.111
9/1/1991,4.498,6,5.12,7,4.466,6,5.205,7,2.9,6,4.056,6,4.092,6,1.505,2,4.429,7,5.889
10/1/1991,4.336,6,4.765,7,4.311,6,4.817,7,2.83,6,3.878,6,3.906,6,0.206,1,4.426,7,5.778
11/1/1991,4.37,6,4.674,7,4.37,6,4.746,7,2.97,6,3.885,6,3.963,6,0.567,1,4.818,7,5.778
12/1/1991,4.357,6,4.633,7,4.367,6,4.714,7,3,6,3.849,6,3.762,6,0.591,1,4.185,7,5.778
1/1/1992,3.988,6,4.238,6,4.07,6,4.446,6,2.88,6,3.484,6,3.443,6,0.151,1,3.497,6,5.444
2/1/1992,3.75,6,3.895,6,3.878,6,4.163,6,2.9,6,3.349,6,3.296,5,0.989,2,3.195,6,5.444
3/1/1992,3.851,6,4.035,6,3.991,6,4.332,6,2.99,6,3.427,6,3.307,6,1.788,3,3.438,6,5.667
4/1/1992,3.902,6,4.209,6,4.078,6,4.603,6,2.94,6,3.373,6,3.228,5,1.543,2,3.053,6,5.444
5/1/1992,3.761,6,3.969,6,3.938,6,4.342,6,2.8,5,3.26,5,3.089,5,1.431,2,3.565,6,5.222
6/1/1992,3.695,6,3.77,6,3.876,6,4.117,6,2.8,5,3.349,6,3.204,5,1.826,3,3.577,6,5.444
7/1/1992,3.585,5,3.686,5,3.785,6,4.075,6,2.82,5,3.238,5,2.982,4,2.206,3,3.378,6,5
8/1/1992,3.447,5,3.428,5,3.644,5,3.785,5,2.75,5,3.135,5,2.901,4,2.501,4,3.117,6,4.889
9/1/1992,3.194,5,3.202,5,3.364,5,3.513,5,2.61,5,2.986,5,2.718,3,2.66,4,3.282,6,4.778
10/1/1992,3.446,5,3.543,5,3.655,5,3.946,5,2.64,5,3.131,5,2.838,4,2.91,4,3.378,6,4.889
11/1/1992,3.45,5,3.617,5,3.649,5,4.021,6,2.61,5,3.027,5,2.755,3,2.447,3,2.952,5,4.667
12/1/1992,3.3,5,3.558,5,3.498,5,3.977,5,2.5,5,2.899,5,2.69,3,2.302,3,3.004,5,4.556
1/1/1993,3.352,5,3.591,5,3.547,5,4.003,6,2.5,5,2.949,5,2.833,4,2.993,4,3.288,6,5
2/1/1993,3.375,5,3.604,5,3.581,5,4.032,6,2.51,5,3.013,5,2.809,4,2.998,4,3.662,6,5
3/1/1993,3.166,5,3.382,5,3.353,5,3.772,5,2.45,5,2.888,5,2.635,3,2.885,4,3.492,6,4.778
4/1/1993,3.239,5,3.279,5,3.422,5,3.623,5,2.52,5,3.001,5,2.773,3,3.153,4,3.817,6,4.778
5/1/1993,3.347,5,3.476,5,3.551,5,3.879,5,2.57,5,3.006,5,2.787,3,3.058,4,3.156,6,4.778
6/1/1993,3.381,5,3.571,5,3.583,5,3.983,6,2.53,5,2.884,5,2.643,3,2.227,3,2.781,5,4.667
7/1/1993,3.256,5,3.424,5,3.437,5,3.792,5,2.5,5,2.784,4,2.636,3,2.009,3,2.658,5,4.444
8/1/1993,3.335,5,3.583,5,3.523,5,3.982,5,2.49,5,2.844,5,2.67,3,1.86,3,2.643,5,4.556
9/1/1993,3.444,5,3.668,5,3.656,5,4.106,6,2.53,5,2.859,5,2.71,3,1.276,2,1.809,4,4.444
10/1/1993,3.252,5,3.506,5,3.433,5,3.893,5,2.49,5,2.814,5,2.703,3,1.859,3,1.716,4,4.444
11/1/1993,3.26,5,3.516,5,3.445,5,3.912,5,2.43,4,2.834,5,2.733,3,1.719,3,1.927,5,4.444
12/1/1993,3.366,5,3.574,5,3.558,5,3.97,5,2.4,4,2.89,5,2.811,4,1.539,2,1.63,4,4.333
1/1/1994,3.201,5,3.445,5,3.384,5,3.834,5,2.36,4,2.758,4,2.75,3,1.111,2,1.023,3,4
2/1/1994,3.225,5,3.295,5,3.425,5,3.674,5,2.35,4,2.776,4,2.859,4,1.101,2,0.491,2,4
3/1/1994,3.363,5,3.398,5,3.579,5,3.798,5,2.41,4,2.825,5,2.899,4,1.035,2,0.663,2,4.111
4/1/1994,3.171,5,3.317,5,3.364,5,3.702,5,2.31,4,2.639,4,2.768,3,0.736,2,0.446,2,3.889
5/1/1994,3.06,4,3.105,5,3.238,5,3.439,5,2.27,4,2.64,4,2.762,3,0.702,2,0.945,3,3.889
6/1/1994,3.028,4,3.151,5,3.208,5,3.504,5,2.34,4,2.708,4,2.791,3,1.437,2,1.581,4,4
7/1/1994,3.056,4,3.162,5,3.246,5,3.53,5,2.35,4,2.794,4,2.823,4,2.091,3,1.481,4,4.222
8/1/1994,3.121,5,3.032,5,3.319,5,3.372,5,2.34,4,2.831,5,2.905,4,2.544,4,1.221,4,4.556
9/1/1994,3.08,4,2.954,5,3.267,5,3.267,5,2.32,4,2.844,5,3.023,5,2.871,4,2.079,5,4.667
10/1/1994,2.999,4,2.779,4,3.179,5,3.056,5,2.26,4,2.7,4,2.899,4,1.923,3,2.013,5,4.222
11/1/1994,2.985,4,2.713,4,3.142,4,2.939,4,2.28,4,2.71,4,2.962,4,2.03,3,1.614,4,3.889
12/1/1994,2.785,4,2.649,4,2.916,4,2.855,4,2.25,3,2.527,3,2.827,4,2.475,4,1.719,4,3.778
1/1/1995,3.003,4,2.944,5,3.16,4,3.216,5,2.35,4,2.697,4,2.949,4,2.686,4,2.105,5,4.333
2/1/1995,2.996,4,3.055,5,3.14,4,3.329,5,2.29,4,2.699,4,2.927,4,2.674,4,2.254,5,4.333
3/1/1995,3.062,4,3.14,5,3.184,5,3.379,5,2.25,3,2.712,4,3.018,5,2.459,4,2.192,5,4.444
4/1/1995,3.184,5,3.202,5,3.323,5,3.458,5,2.31,4,2.817,5,3.114,5,2.944,4,2.329,5,4.778
5/1/1995,3.234,5,3.214,5,3.367,5,3.452,5,2.27,4,2.815,5,3.168,5,2.939,4,1.872,5,4.778
6/1/1995,3.214,5,3.114,5,3.347,5,3.334,5,2.19,3,2.716,4,3.102,5,2.745,4,1.427,4,4.444
7/1/1995,3.275,5,3.128,5,3.402,5,3.327,5,2.16,3,2.687,4,3.182,5,1.919,3,1.233,4,4.333
8/1/1995,3.159,5,3.165,5,3.256,5,3.342,5,2.21,3,2.654,4,3.134,5,1.389,2,1.694,4,4.222
9/1/1995,3.25,5,3.249,5,3.368,5,3.463,5,2.23,3,2.674,4,3.094,5,1.146,2,1.415,4,4.222
10/1/1995,3.364,5,3.401,5,3.479,5,3.619,5,2.32,4,2.81,5,3.178,5,1.503,2,1.45,4,4.444
11/1/1995,3.273,5,3.285,5,3.395,5,3.508,5,2.27,4,2.697,4,3.035,5,1.152,2,1.519,4,4.333
12/1/1995,3.268,5,3.113,5,3.398,5,3.314,5,2.31,4,2.85,5,3.15,5,1.076,2,1.548,4,4.444
1/1/1996,3.179,5,2.952,5,3.294,5,3.112,5,2.25,3,2.855,5,3.116,5,1.869,3,1.596,4,4.444
2/1/1996,3.18,5,3.008,5,3.278,5,3.148,5,2.25,3,2.822,5,3.056,5,1.828,3,1.501,4,4.444
3/1/1996,3.055,4,2.844,4,3.151,4,2.973,5,2.26,4,2.828,5,3.044,5,2.483,4,1.57,4,4.333
4/1/1996,2.951,4,2.743,4,3.021,4,2.825,4,2.22,3,2.781,4,3,5,2.711,4,1.037,3,3.889
5/1/1996,2.995,4,2.875,4,3.065,4,2.975,5,2.25,3,2.789,4,2.948,4,2.692,4,0.981,3,3.889
6/1/1996,3.005,4,2.936,4,3.067,4,3.033,5,2.29,4,2.809,5,2.983,4,2.379,3,0.858,3,4
7/1/1996,3.051,4,2.883,4,3.103,4,2.94,4,2.32,4,2.87,5,2.997,4,2.671,4,0.946,3,4
8/1/1996,3.037,4,2.881,4,3.096,4,2.954,5,2.31,4,2.8,4,2.945,4,2.478,4,0.409,2,3.889
9/1/1996,3.039,4,2.953,5,3.077,4,3.001,5,2.36,4,2.828,5,2.934,4,3.066,4,0.776,2,4.111
10/1/1996,2.953,4,2.88,4,2.957,4,2.872,4,2.34,4,2.811,5,2.905,4,3.252,5,0.713,2,4
11/1/1996,2.999,4,2.963,5,2.993,4,2.946,5,2.39,4,2.902,5,2.974,4,3.944,5,0.807,3,4.333
12/1/1996,3.078,4,3.192,5,3.067,4,3.196,5,2.38,4,2.871,5,2.942,4,3.986,5,0.648,2,4.222
1/1/1997,2.953,4,2.948,5,2.925,4,2.895,4,2.35,4,2.776,4,2.88,4,3.402,5,0.584,2,4
2/1/1997,2.85,4,2.69,4,2.815,4,2.592,4,2.36,4,2.737,4,2.857,4,3.506,5,0.905,3,4
3/1/1997,2.897,4,2.833,4,2.868,4,2.767,4,2.31,4,2.631,4,2.844,4,2.425,3,0.451,2,3.667
4/1/1997,2.933,4,2.842,4,2.925,4,2.808,4,2.31,4,2.579,4,2.831,4,1.435,2,1.104,3,3.667
5/1/1997,2.878,4,2.753,4,2.883,4,2.735,4,2.22,3,2.501,3,2.806,4,0.873,2,0.967,3,3.444
6/1/1997,2.836,4,2.651,4,2.842,4,2.622,4,2.22,3,2.52,3,2.805,4,1.099,2,0.654,2,3.333
7/1/1997,2.769,3,2.67,4,2.764,4,2.64,4,2.13,3,2.444,3,2.708,3,0.893,2,0.69,2,3.111
8/1/1997,2.681,3,2.443,3,2.669,3,2.369,3,2.06,3,2.38,3,2.707,3,1.42,2,0.68,2,2.778
9/1/1997,2.578,3,2.263,3,2.559,3,2.16,3,2.05,3,2.316,3,2.657,3,1.444,2,0.466,2,2.778
10/1/1997,2.622,3,2.308,3,2.634,3,2.261,3,1.9,2,2.261,2,2.624,3,1.03,2,0.5,2,2.556
11/1/1997,2.553,3,2.173,2,2.565,3,2.113,2,1.8,1,2.16,2,2.559,2,0.503,1,0.302,1,1.889
12/1/1997,2.62,3,2.117,2,2.637,3,2.038,2,1.73,1,2.126,2,2.631,3,-0.248,1,0.361,2,2.111
1/1/1998,2.659,3,2.258,3,2.686,3,2.221,3,1.66,0,2.054,2,2.581,2,-0.673,1,0.282,1,2
2/1/1998,2.675,3,2.341,3,2.702,3,2.32,3,1.61,0,2.002,1,2.625,3,-1.239,0,0.281,1,1.889
3/1/1998,2.652,3,2.217,2,2.683,3,2.18,3,1.65,0,2.064,2,2.582,2,-1.155,0,0.145,1,1.778
4/1/1998,2.628,3,2.18,2,2.651,3,2.126,3,1.63,0,2.068,2,2.523,2,-0.932,1,0.015,1,1.889
5/1/1998,2.613,3,2.153,2,2.621,3,2.072,2,1.71,1,2.107,2,2.556,2,-0.154,1,0.318,1,1.889
6/1/1998,2.597,3,2.077,2,2.611,3,1.993,2,1.64,0,2.045,2,2.608,3,-0.284,1,0.68,2,2
7/1/1998,2.59,3,2.057,2,2.613,3,1.989,2,1.69,1,2.061,2,2.707,3,0.007,1,0.933,3,2.222
8/1/1998,2.62,3,2.11,2,2.644,3,2.049,2,1.75,1,2.147,2,2.795,3,-0.291,1,1.797,4,2.333
9/1/1998,2.598,3,2.063,2,2.603,3,1.963,2,1.7,1,2.032,2,2.848,4,-0.892,1,1.613,4,2.444
10/1/1998,2.535,3,1.927,1,2.544,3,1.819,1,1.77,1,2.009,1,2.919,4,-0.722,1,1.341,4,2.111
11/1/1998,2.521,2,1.943,1,2.531,3,1.844,2,1.78,1,2.009,1,2.876,4,-0.607,1,1.567,4,2.111
12/1/1998,2.445,2,1.885,1,2.446,2,1.774,1,1.81,2,1.974,1,2.786,3,0.158,1,2.768,5,2
1/1/1999,2.409,2,1.862,1,2.391,2,1.718,1,1.85,2,1.932,1,2.713,3,0.455,1,2.709,5,2
2/1/1999,2.351,2,1.801,1,2.324,2,1.641,1,1.8,1,1.862,1,2.619,3,0.487,1,1.812,4,1.778
3/1/1999,2.282,1,1.757,1,2.246,2,1.584,1,1.72,1,1.763,0,2.568,2,0.927,2,1.738,4,1.556
4/1/1999,2.274,1,1.775,1,2.236,1,1.604,1,1.77,1,1.865,1,2.602,2,2.663,4,2.448,5,1.889
5/1/1999,2.197,1,1.678,1,2.163,1,1.509,1,1.73,1,1.771,1,2.491,2,2.142,3,2.09,5,1.778
6/1/1999,2.116,1,1.616,0,2.081,1,1.452,0,1.76,1,1.738,0,2.329,1,2.038,3,2.144,5,1.333
7/1/1999,2.161,1,1.738,1,2.124,1,1.585,1,1.79,1,1.723,0,2.261,1,2.528,4,2.276,5,1.667
8/1/1999,2.152,1,1.774,1,2.107,1,1.614,1,1.75,1,1.691,0,2.177,1,2.918,4,1.451,4,1.556
9/1/1999,2.108,1,1.729,1,2.083,1,1.607,1,1.8,1,1.87,1,2.121,0,4.22,5,2.538,5,1.778
10/1/1999,2.096,1,1.822,1,2.064,1,1.707,1,1.81,2,1.816,1,1.984,0,4.182,5,2.801,5,1.889
11/1/1999,2.188,1,1.917,1,2.162,1,1.815,1,1.84,2,1.811,1,1.984,0,3.993,5,2.415,5,1.889
12/1/1999,2.201,1,1.97,2,2.182,1,1.887,2,1.88,2,1.859,1,2.034,0,4.05,5,1.191,3,1.889
1/1/2000,2.35,2,2.021,2,2.35,2,1.953,2,2,2,2.031,2,2.225,1,4.185,5,1.154,3,2.333
2/1/2000,2.392,2,2.034,2,2.395,2,1.967,2,2.12,3,2.193,2,2.312,1,5.486,6,1.682,4,2.667
3/1/2000,2.486,2,2.177,2,2.499,2,2.138,3,2.24,3,2.416,3,2.443,2,7.002,7,2.55,5,3.222
4/1/2000,2.411,2,2.06,2,2.425,2,2.014,2,2.18,3,2.27,2,2.41,2,4.883,6,2.031,5,2.889
5/1/2000,2.547,3,2.255,3,2.574,3,2.244,3,2.22,3,2.393,3,2.505,2,4.879,6,2.008,5,3.444
6/1/2000,2.694,3,2.423,3,2.715,3,2.407,4,2.27,4,2.557,3,2.669,3,6.409,6,1.915,5,3.778
7/1/2000,2.704,3,2.412,3,2.724,3,2.388,3,2.3,4,2.648,4,2.756,3,6.127,6,1.708,4,3.667
8/1/2000,2.845,4,2.601,4,2.885,4,2.627,4,2.32,4,2.666,4,2.799,3,4.915,6,1.687,4,4.111
9/1/2000,2.876,4,2.594,4,2.909,4,2.598,4,2.39,4,2.668,4,2.848,4,5.158,6,1.166,3,4.111
10/1/2000,2.895,4,2.511,4,2.931,4,2.498,4,2.42,4,2.717,4,2.932,4,4.961,6,0.86,3,4.111
11/1/2000,2.838,4,2.447,3,2.882,4,2.447,4,2.45,5,2.725,4,2.971,4,5.305,6,1.61,4,4.222
12/1/2000,2.931,4,2.498,3,2.984,4,2.508,4,2.5,5,2.833,5,3.029,5,4.99,6,1.179,3,4.333
1/1/2001,2.856,4,2.508,4,2.89,4,2.498,4,2.52,5,2.879,5,3.048,5,6.028,6,1.6,4,4.556
2/1/2001,2.944,4,2.607,4,2.989,4,2.621,4,2.54,5,2.867,5,3.052,5,5.213,6,1.897,5,4.667
3/1/2001,2.934,4,2.469,3,2.971,4,2.442,4,2.5,5,2.766,4,3.016,5,3.389,5,1.434,4,4.222
4/1/2001,3.062,4,2.588,4,3.101,4,2.562,4,2.59,5,2.834,5,3.089,5,3.903,5,0.882,3,4.333
5/1/2001,3.059,4,2.465,3,3.084,4,2.39,3,2.59,5,2.867,5,3.143,5,5.134,6,0.557,2,4.111
6/1/2001,3.183,5,2.622,4,3.212,5,2.56,4,2.67,5,2.852,5,3.175,5,3.676,5,0.86,3,4.556
7/1/2001,3.187,5,2.59,4,3.219,5,2.526,4,2.63,5,2.744,4,3.091,5,2.176,3,0.838,3,4.222
8/1/2001,3.236,5,2.575,4,3.264,5,2.491,4,2.65,5,2.718,4,3.168,5,2.153,3,0.45,2,4.111
9/1/2001,3.356,5,2.744,4,3.399,5,2.698,4,2.53,5,2.642,4,3.144,5,1.52,2,-0.228,0,3.778
10/1/2001,3.451,5,2.834,4,3.493,5,2.787,4,2.5,5,2.614,4,3.268,5,0.077,1,-0.53,0,3.667
11/1/2001,3.562,5,2.921,4,3.612,5,2.883,4,2.47,5,2.681,4,3.334,6,-0.808,1,-0.39,0,3.778
12/1/2001,3.514,5,2.793,4,3.575,5,2.759,4,2.37,4,2.562,4,3.265,5,-1.577,0,-0.067,1,3.556
1/1/2002,3.498,5,2.751,4,3.568,5,2.727,4,2.24,3,2.372,3,3.156,5,-2.81,0,-0.888,0,3.222
2/1/2002,3.484,5,2.735,4,3.539,5,2.681,4,2.23,3,2.307,3,3.201,5,-2.932,0,-0.967,0,3.222
3/1/2002,3.408,5,2.663,4,3.48,5,2.64,4,2.22,3,2.265,2,3.191,5,-2.041,0,-1.46,0,3.111
4/1/2002,3.389,5,2.664,4,3.478,5,2.675,4,2.17,3,2.309,3,3.152,5,-1.152,0,-0.941,0,3.222
5/1/2002,3.376,5,2.785,4,3.463,5,2.822,4,2.11,3,2.198,2,3.062,5,-2.5,0,-0.864,0,3.111
6/1/2002,3.187,5,2.533,4,3.251,5,2.512,4,2.01,2,2.02,1,2.977,4,-2.608,0,-1.193,0,2.778
7/1/2002,3.194,5,2.561,4,3.274,5,2.574,4,2.03,3,2.079,2,2.961,4,-1.469,0,-1.548,0,3
8/1/2002,3.073,4,2.52,4,3.157,4,2.557,4,2,2,2.126,2,2.835,4,-0.454,1,-0.358,0,2.778
9/1/2002,2.96,4,2.358,3,3.037,4,2.372,3,2.07,3,2.093,2,2.829,4,-1.024,1,-0.338,0,2.667
10/1/2002,2.877,4,2.348,3,2.948,4,2.364,3,2.08,3,2.119,2,2.674,3,0.675,1,-0.318,0,2.556
11/1/2002,2.773,3,2.28,3,2.834,4,2.284,3,2.06,3,2.072,2,2.547,2,1.476,2,-0.965,0,2.444
12/1/2002,2.75,3,2.34,3,2.802,4,2.346,3,2.1,3,2.062,2,2.591,2,2.058,3,-1.085,0,2.556
1/1/2003,2.706,3,2.268,3,2.788,4,2.324,3,2.08,3,2.098,2,2.543,2,3.158,4,-0.944,0,2.667
2/1/2003,2.635,3,2.265,3,2.705,3,2.314,3,2.01,2,2.141,2,2.426,2,4.494,5,-1.396,0,2.556
3/1/2003,2.581,3,2.293,3,2.628,3,2.317,3,1.99,2,2.057,2,2.28,1,4.205,5,-1.449,0,2.444
4/1/2003,2.427,2,2.183,2,2.459,2,2.189,3,1.84,2,1.809,1,2.102,0,1.805,3,-2.09,0,1.667
5/1/2003,2.327,2,2.06,2,2.348,2,2.042,2,1.82,2,1.74,0,1.989,0,1.195,2,-1.268,0,1.333
6/1/2003,2.248,1,2.104,2,2.272,2,2.117,3,1.74,1,1.764,1,1.874,0,1.53,2,-1.319,0,1.333
7/1/2003,2.222,1,2.093,2,2.237,1,2.094,2,1.77,1,1.77,1,1.91,0,1.914,3,-1.075,0,1.222
8/1/2003,2.154,1,1.978,2,2.166,1,1.96,2,1.8,1,1.723,0,1.916,0,2.64,4,-1.871,0,1.222
9/1/2003,2.168,1,2.061,2,2.184,1,2.069,2,1.75,1,1.727,0,1.858,0,3.251,5,-2.351,0,1.333
10/1/2003,2.148,1,2.029,2,2.161,1,2.026,2,1.73,1,1.67,0,1.84,0,2.298,3,-1.87,0,1.111
11/1/2003,2.052,0,1.9,1,2.037,1,1.836,1,1.74,1,1.533,0,1.779,0,2.121,3,-2.165,0,0.778
12/1/2003,2.014,0,1.942,1,1.976,0,1.853,2,1.74,1,1.62,0,1.679,0,2.613,4,-1.981,0,0.889
1/1/2004,2.036,0,2.079,2,1.961,0,1.945,2,1.81,2,1.61,0,1.682,0,2.371,3,-1.751,0,1
2/1/2004,2.104,1,2.159,2,2.048,1,2.066,2,1.88,2,1.646,0,1.759,0,1.269,2,-1.753,0,1.111
3/1/2004,2.184,1,2.249,3,2.137,1,2.173,3,1.88,2,1.758,0,1.893,0,1.279,2,-0.506,0,1.333
4/1/2004,2.316,2,2.31,3,2.258,2,2.197,3,2.12,3,1.95,1,2.059,0,2.474,4,0.015,1,2.111
5/1/2004,2.3,1,2.248,3,2.238,1,2.117,3,2.21,3,2.129,2,2.238,1,4.66,6,-0.197,1,2.333
6/1/2004,2.423,2,2.319,3,2.379,2,2.211,3,2.33,4,2.254,2,2.372,2,5.166,6,-0.209,0,2.667
7/1/2004,2.337,2,2.203,2,2.264,2,2.032,2,2.26,4,2.148,2,2.297,1,4.617,5,-0.326,0,2.222
8/1/2004,2.35,2,2.186,2,2.258,2,1.971,2,2.2,3,2.076,2,2.34,1,3.329,5,-0.528,0,2.111
9/1/2004,2.349,2,2.24,2,2.24,1,2.006,2,2.19,3,2.119,2,2.35,1,3.172,4,0.895,3,2.222
10/1/2004,2.345,2,2.311,3,2.237,1,2.096,2,2.21,3,2.238,2,2.397,2,5.267,6,1.21,4,2.778
11/1/2004,2.387,2,2.431,3,2.301,2,2.274,3,2.25,3,2.44,3,2.422,2,6.556,6,1.873,5,3.222
12/1/2004,2.386,2,2.346,3,2.314,2,2.196,3,2.27,4,2.365,3,2.432,2,5.806,6,1.901,5,3.333
1/1/2005,2.399,2,2.308,3,2.316,2,2.127,3,2.37,4,2.391,3,2.531,2,4.273,5,2.101,5,3.222
2/1/2005,2.374,2,2.206,2,2.286,2,1.999,2,2.38,4,2.395,3,2.564,2,4.864,6,2.656,5,3.111
3/1/2005,2.333,2,2.164,2,2.246,1,1.958,2,2.39,4,2.398,3,2.494,2,5.359,6,2.88,5,3
4/1/2005,2.32,2,2.266,3,2.24,1,2.097,2,2.29,4,2.499,3,2.457,2,6.123,6,2.176,5,3.111
5/1/2005,2.424,2,2.439,3,2.358,2,2.314,3,2.25,3,2.413,3,2.453,2,4.158,5,1.657,4,3
6/1/2005,2.294,1,2.274,3,2.199,1,2.087,2,2.18,3,2.259,2,2.361,1,3.367,5,1.665,4,2.444
7/1/2005,2.365,2,2.361,3,2.301,2,2.235,3,2.25,3,2.398,3,2.466,2,5.059,6,1.545,4,3.111
8/1/2005,2.33,2,2.349,3,2.264,2,2.225,3,2.28,4,2.455,3,2.412,2,7.054,7,1.877,5,3.444
9/1/2005,2.386,2,2.403,3,2.334,2,2.305,3,2.4,4,2.596,4,2.567,2,10.948,7,0.678,2,3.222
10/1/2005,2.382,2,2.353,3,2.325,2,2.237,3,2.45,5,2.566,4,2.623,3,9.671,7,1.194,3,3.556
11/1/2005,2.486,2,2.449,3,2.432,2,2.336,3,2.46,5,2.576,4,2.737,3,6.655,7,1.106,3,3.556
12/1/2005,2.517,2,2.503,3,2.469,2,2.407,4,2.44,4,2.535,3,2.761,3,6.424,6,1.088,3,3.333
1/1/2006,2.496,2,2.451,3,2.451,2,2.354,3,2.39,4,2.648,4,2.716,3,8.875,7,1.143,3,3.444
2/1/2006,2.542,3,2.504,4,2.499,3,2.412,4,2.34,4,2.53,3,2.614,3,7.587,7,0.876,3,3.778
3/1/2006,2.62,3,2.529,4,2.581,3,2.432,4,2.38,4,2.516,3,2.713,3,6.735,7,0.54,2,3.667
4/1/2006,2.708,3,2.516,4,2.681,3,2.419,4,2.48,5,2.483,3,2.779,3,7.284,7,1.158,3,3.889
5/1/2006,2.818,4,2.532,4,2.784,4,2.403,3,2.61,5,2.573,4,2.871,4,8.222,7,1.391,4,4.333
6/1/2006,3.039,4,2.689,4,3.034,4,2.6,4,2.78,5,2.738,4,3.003,5,8.376,7,1.479,4,4.556
7/1/2006,3.095,4,2.682,4,3.094,4,2.588,4,2.8,5,2.744,4,3.005,5,8.002,7,1.402,4,4.556
8/1/2006,3.205,5,2.74,4,3.225,5,2.675,4,2.86,6,2.869,5,3.205,5,6.926,7,1.635,4,5
9/1/2006,3.184,5,2.626,4,3.212,5,2.555,4,2.78,5,2.706,4,3.045,5,0.984,2,2.063,5,4.333
10/1/2006,3.256,5,2.61,4,3.291,5,2.533,4,2.7,5,2.632,4,3.071,5,-1.025,1,1.151,3,4
11/1/2006,3.127,5,2.333,3,3.148,4,2.196,3,2.57,5,2.465,3,3.087,5,0.503,1,0.678,2,3.444
12/1/2006,3.115,4,2.236,2,3.124,4,2.056,2,2.67,5,2.566,4,3.13,5,2.317,3,0.803,3,3.556
1/1/2007,3.152,5,2.303,3,3.146,4,2.1,2,2.71,5,2.516,3,3.137,5,0.684,1,0.787,2,3.333
2/1/2007,3.17,5,2.333,3,3.162,5,2.129,3,2.82,5,2.728,4,3.335,6,1.735,3,1.032,3,4.111
3/1/2007,3.119,4,2.302,3,3.109,4,2.099,2,2.77,5,2.791,4,3.302,6,3.011,4,0.236,1,3.667
4/1/2007,3.006,4,2.249,3,2.967,4,2.002,2,2.66,5,2.74,4,3.259,5,2.474,4,0.156,1,3.556
5/1/2007,2.829,4,2.186,2,2.783,4,1.952,2,2.51,5,2.668,4,3.098,5,3.267,5,0.203,1,3.556
6/1/2007,2.701,3,2.15,2,2.631,3,1.888,2,2.41,4,2.639,4,3.103,5,3.526,5,0.312,1,3.222
7/1/2007,2.64,3,2.174,2,2.535,3,1.863,2,2.35,4,2.573,4,3.084,5,2.364,3,0.664,2,3.111
8/1/2007,2.6,3,2.165,2,2.469,2,1.811,1,2.3,4,2.426,3,2.882,4,1.253,2,0.52,2,2.556
9/1/2007,2.645,3,2.276,3,2.484,2,1.877,2,2.38,4,2.531,3,3.015,5,3.687,5,0.555,2,3.222
10/1/2007,2.656,3,2.373,3,2.503,3,2.01,2,2.46,5,2.701,4,2.997,5,6.008,6,0.724,2,3.667
11/1/2007,2.798,4,2.617,4,2.656,3,2.297,3,2.66,5,2.917,5,3.035,5,8.177,7,1.133,3,4.333
12/1/2007,2.841,4,2.714,4,2.713,3,2.434,4,2.63,5,2.942,5,3.056,5,7.215,7,1.33,4,4.556
1/1/2008,2.862,4,2.806,4,2.747,4,2.568,4,2.56,5,3.006,5,3.083,5,7.719,7,1.41,4,4.667
2/1/2008,2.749,3,2.707,4,2.617,3,2.438,4,2.44,4,2.901,5,2.951,4,7.466,7,0.989,3,4.111
3/1/2008,2.827,4,2.891,4,2.689,3,2.634,4,2.48,5,2.952,5,2.981,4,6.715,7,1.206,4,4.444
4/1/2008,2.859,4,2.909,4,2.725,3,2.658,4,2.5,5,2.965,5,2.97,4,6.38,6,0.544,2,4.111
5/1/2008,2.933,4,3.041,5,2.794,4,2.794,4,2.55,5,3.094,5,2.979,4,6.803,7,0.41,2,4.444
6/1/2008,3.072,4,3.25,5,2.938,4,3.027,5,2.6,5,3.291,6,3.044,5,9.466,7,0.18,1,4.667
7/1/2008,3.157,5,3.415,5,3.014,4,3.196,5,2.69,5,3.63,6,3.141,5,11.108,7,0.217,1,4.778
8/1/2008,3.213,5,3.583,5,3.085,4,3.417,5,2.63,5,3.62,6,3.204,5,10.433,7,0.099,1,4.778
9/1/2008,3.216,5,3.607,5,3.077,4,3.424,5,2.57,5,3.555,6,3.16,5,9.29,7,-0.219,0,4.667
10/1/2008,3.11,4,3.492,5,2.929,4,3.226,5,2.44,4,3.256,5,3.057,5,6.042,6,-0.755,0,4.222
11/1/2008,2.994,4,3.343,5,2.786,4,3.015,5,2.35,4,2.977,5,2.928,4,-0.467,1,-1.249,0,3.556
12/1/2008,2.873,4,3.278,5,2.63,3,2.896,4,2.21,3,2.76,4,2.708,3,-3.268,0,-1.936,0,2.889
1/1/2009,2.785,3,3.111,5,2.552,3,2.729,4,2.22,3,2.604,4,2.634,3,-3.353,0,-2.067,0,2.778
2/1/2009,2.776,3,3.125,5,2.559,3,2.781,4,2.22,3,2.552,3,2.575,2,-2.885,0,-1.376,0,2.556
3/1/2009,2.664,3,2.918,4,2.454,2,2.565,4,2.14,3,2.283,3,2.48,2,-4.027,0,-0.943,0,2.333
4/1/2009,2.589,3,2.848,4,2.376,2,2.49,4,2.08,3,2.143,2,2.449,2,-4.237,0,0.226,1,2.333
5/1/2009,2.478,2,2.621,4,2.289,2,2.282,3,1.99,2,1.886,1,2.351,1,-5.34,0,0.111,1,1.778
6/1/2009,2.262,1,2.415,3,2.09,1,2.114,2,1.86,2,1.604,0,2.076,0,-5.146,0,0.215,1,1.111
7/1/2009,2.059,0,2.208,2,1.923,0,1.976,2,1.62,0,1.063,0,1.755,0,-6.953,0,-0.06,1,0.556
8/1/2009,1.902,0,2.016,2,1.77,0,1.784,1,1.6,0,1.057,0,1.646,0,-5.219,0,0.146,1,0.444
9/1/2009,1.725,0,1.972,2,1.616,0,1.817,1,1.48,0,0.974,0,1.459,0,-4.555,0,1.079,3,0.667
10/1/2009,1.603,0,1.918,1,1.521,0,1.832,1,1.5,0,1.128,0,1.374,0,-1.161,0,2.748,5,0.778
11/1/2009,1.452,0,1.94,1,1.371,0,1.898,2,1.38,0,1.198,0,1.256,0,4.383,5,3.418,6,1.556
12/1/2009,1.381,0,1.882,1,1.325,0,1.89,2,1.36,0,1.227,0,1.264,0,7.103,7,4.41,7,1.889
1/1/2010,1.223,0,1.811,1,1.177,0,1.858,2,1.2,0,1.127,0,1.121,0,7.34,7,4.323,7,1.889
2/1/2010,1.091,0,1.698,1,1.055,0,1.767,1,1.08,0,0.95,0,0.934,0,5.993,6,3.959,6,1.556
3/1/2010,0.967,0,1.679,1,0.932,0,1.774,1,1,0,0.929,0,0.751,0,6.695,7,3.361,6,1.667
4/1/2010,0.9,0,1.676,1,0.876,0,1.807,1,0.93,0,0.896,0,0.634,0,6.533,6,2.443,5,1.444
5/1/2010,0.837,0,1.647,1,0.8,0,1.759,1,0.88,0,0.838,0,0.549,0,5.846,6,2.613,5,1.444
6/1/2010,0.825,0,1.597,0,0.785,0,1.692,1,0.81,0,0.759,0,0.591,0,2.306,3,2.775,5,1
7/1/2010,0.787,0,1.483,0,0.75,0,1.566,1,0.85,0,0.871,0,0.634,0,3.178,4,2.964,5,1.111
8/1/2010,0.75,0,1.469,0,0.696,0,1.522,1,0.85,0,0.832,0,0.534,0,2.605,4,2.992,5,1.111
9/1/2010,0.736,0,1.322,0,0.668,0,1.317,0,0.88,0,0.832,0,0.586,0,2.544,4,2.562,5,1
10/1/2010,0.741,0,1.265,0,0.675,0,1.249,0,0.8,0,0.749,0,0.581,0,2.77,4,1.352,4,0.889
11/1/2010,0.864,0,1.299,0,0.826,0,1.316,0,0.85,0,0.779,0,0.647,0,2.24,3,1.075,3,0.667
12/1/2010,0.876,0,1.248,0,0.837,0,1.249,0,0.89,0,0.852,0,0.725,0,3.407,5,0.857,3,0.889
1/1/2011,1.003,0,1.339,0,0.96,0,1.325,0,1,0,1.035,0,0.857,0,3.517,5,1.158,3,0.889
2/1/2011,1.166,0,1.502,0,1.124,0,1.491,1,1.16,0,1.295,0,1.099,0,4.586,5,1.158,3,1
3/1/2011,1.25,0,1.54,0,1.186,0,1.477,1,1.29,0,1.512,0,1.269,0,6.165,6,1.364,4,1.222
4/1/2011,1.299,0,1.55,0,1.216,0,1.442,0,1.42,0,1.684,0,1.419,0,7.731,7,1.861,4,1.222
5/1/2011,1.349,0,1.589,0,1.261,0,1.469,0,1.56,0,1.982,1,1.589,0,8.996,7,2.483,5,1.444
6/1/2011,1.397,0,1.603,0,1.299,0,1.457,0,1.62,0,2.087,2,1.644,0,9.062,7,3.121,6,1.667
7/1/2011,1.521,0,1.694,1,1.424,0,1.541,1,1.7,1,2.194,2,1.803,0,8.985,7,3.547,6,2
8/1/2011,1.742,0,1.915,1,1.657,0,1.786,1,1.79,1,2.395,3,2.032,0,9.032,7,3.733,6,2.111
9/1/2011,1.797,0,1.948,2,1.727,0,1.843,1,1.84,2,2.468,3,2.112,0,9.084,7,3.51,6,2.333
10/1/2011,1.907,0,2.016,2,1.841,0,1.913,2,1.93,2,2.522,3,2.187,1,7.746,7,3.688,6,2.556
11/1/2011,1.918,0,2.011,2,1.841,0,1.881,2,1.99,2,2.58,4,2.231,1,7.459,7,3.906,6,2.667
12/1/2011,2.113,1,2.273,3,2.048,1,2.18,3,2.06,3,2.598,4,2.313,1,5.612,6,3.669,6,3.111
1/1/2012,2.198,1,2.376,3,2.116,1,2.252,3,2.09,3,2.604,4,2.39,2,5.198,6,3.27,6,3.222
2/1/2012,2.107,1,2.212,2,2.018,0,2.062,2,2.02,3,2.428,3,2.295,1,5.041,6,3.03,5,2.556
3/1/2012,2.192,1,2.266,3,2.125,1,2.152,3,2.02,3,2.394,3,2.352,1,3.686,5,3.047,5,2.778
4/1/2012,2.243,1,2.253,3,2.194,1,2.159,3,1.99,2,2.342,3,2.355,1,2.445,3,3.148,6,2.556
5/1/2012,2.241,1,2.234,2,2.19,1,2.133,3,1.92,2,2.111,2,2.307,1,0.638,1,2.793,5,2
6/1/2012,2.29,1,2.352,3,2.241,1,2.27,3,1.9,2,2.113,2,2.307,1,0.246,1,2.107,5,2.111
7/1/2012,2.31,2,2.418,3,2.262,2,2.347,3,1.84,2,1.986,1,2.269,1,-0.596,1,1.421,4,2.111
8/1/2012,2.215,1,2.266,3,2.172,1,2.192,3,1.79,1,1.898,1,2.206,1,0.65,1,0.796,3,1.667
9/1/2012,2.26,1,2.283,3,2.22,1,2.211,3,1.79,1,1.874,1,2.189,1,1.473,2,0.985,3,1.778
10/1/2012,2.238,1,2.236,2,2.207,1,2.176,3,1.78,1,1.942,1,2.177,1,2.201,3,0.979,3,1.778
11/1/2012,2.219,1,2.196,2,2.196,1,2.146,3,1.7,1,1.892,1,2.196,1,1.134,2,0.755,2,1.556
12/1/2012,2.14,1,2.075,2,2.11,1,2.004,2,1.62,0,1.851,1,2.147,1,1.195,2,0.838,3,1.444
1/1/2013,2.076,1,1.97,2,2.068,1,1.933,2,1.58,0,1.764,1,2.109,0,1.115,2,1.201,4,1.444
2/1/2013,2.144,1,2.03,2,2.146,1,2.011,2,1.62,0,1.871,1,2.173,1,2.105,3,1.25,4,1.667
3/1/2013,2.106,1,1.99,2,2.1,1,1.954,2,1.57,0,1.747,0,2.073,0,0.513,1,0.758,2,1
4/1/2013,1.966,0,1.776,1,1.935,0,1.68,1,1.43,0,1.644,0,2.056,0,-0.437,1,0.483,2,0.556
5/1/2013,1.932,0,1.661,1,1.908,0,1.56,1,1.41,0,1.639,0,2.075,0,0.494,1,0.227,1,0.444
6/1/2013,1.894,0,1.522,0,1.877,0,1.414,0,1.51,0,1.642,0,2.093,0,1.68,2,0.246,1,0.333
7/1/2013,1.887,0,1.526,0,1.868,0,1.418,0,1.56,0,1.722,0,2.086,0,2.284,3,0.806,3,0.667
8/1/2013,1.922,0,1.543,0,1.914,0,1.453,0,1.55,0,1.733,0,2.063,0,0.903,2,1.049,3,0.556
9/1/2013,1.887,0,1.508,0,1.89,0,1.438,0,1.54,0,1.694,0,2.059,0,-0.544,1,1.007,3,0.444
10/1/2013,1.873,0,1.489,0,1.869,0,1.403,0,1.55,0,1.588,0,1.999,0,-1.236,0,0.657,2,0.222
11/1/2013,1.906,0,1.486,0,1.893,0,1.378,0,1.62,0,1.607,0,2.043,0,-0.227,1,0.891,3,0.444
12/1/2013,1.885,0,1.364,0,1.871,0,1.233,0,1.68,1,1.681,0,2.131,1,0.702,2,1.028,3,0.778
1/1/2014,1.832,0,1.233,0,1.822,0,1.095,0,1.64,0,1.733,0,2.103,0,1.044,2,0.378,2,0.444
2/1/2014,1.81,0,1.2,0,1.789,0,1.038,0,1.59,0,1.661,0,2.095,0,-0.393,1,0.257,1,0.222
3/1/2014,1.846,0,1.193,0,1.821,0,1.016,0,1.62,0,1.784,1,2.232,1,1.159,2,0.701,2,0.667
4/1/2014,2.023,0,1.469,0,2.025,0,1.363,0,1.77,1,1.935,1,2.243,1,2.121,3,0.725,2,0.889
5/1/2014,2.118,1,1.618,1,2.128,1,1.538,1,1.82,2,2.06,2,2.292,1,2.417,3,0.999,3,1.667
6/1/2014,2.134,1,1.643,1,2.143,1,1.564,1,1.78,1,2.011,1,2.223,1,1.998,3,0.767,2,1.333
7/1/2014,2.104,1,1.51,0,2.101,1,1.387,0,1.8,1,2.04,2,2.256,1,1.775,3,0.506,2,1.222
8/1/2014,1.991,0,1.348,0,1.963,0,1.166,0,1.74,1,1.898,1,2.223,1,1.152,2,0.524,2,0.778
9/1/2014,2.001,0,1.333,0,1.954,0,1.109,0,1.75,1,1.884,1,2.198,1,1.011,2,0.608,2,0.778
10/1/2014,2.054,0,1.417,0,2.006,0,1.2,0,1.73,1,1.926,1,2.304,1,0.627,1,0.84,3,0.778
11/1/2014,2.068,0,1.434,0,2.004,0,1.185,0,1.7,1,1.852,1,2.275,1,-0.651,1,0.284,1,0.556
12/1/2014,2.042,0,1.455,0,1.971,0,1.202,0,1.67,1,1.794,1,2.237,1,-2.37,0,-0.263,0,0.333
1/1/2015,2.059,0,1.451,0,1.986,0,1.188,0,1.57,0,1.641,0,2.198,1,-5.109,0,-0.276,0,0.111
2/1/2015,2.058,0,1.396,0,1.982,0,1.118,0,1.62,0,1.661,0,2.165,1,-4.637,0,0.111,1,0.222
3/1/2015,2.063,0,1.406,0,1.999,0,1.152,0,1.62,0,1.652,0,2.13,1,-4.411,0,0.399,2,0.333
4/1/2015,2.117,1,1.47,0,2.063,1,1.236,0,1.62,0,1.621,0,2.192,1,-4.868,0,0.433,2,0.556
5/1/2015,2.128,1,1.488,0,2.067,1,1.241,0,1.6,0,1.57,0,2.188,1,-4.304,0,0.031,1,0.444
6/1/2015,2.169,1,1.467,0,2.115,1,1.223,0,1.62,0,1.66,0,2.327,1,-3.882,0,-0.048,1,0.444
7/1/2015,2.172,1,1.443,0,2.141,1,1.238,0,1.59,0,1.634,0,2.287,1,-3.728,0,0.189,1,0.444
8/1/2015,2.198,1,1.465,0,2.18,1,1.284,0,1.62,0,1.674,0,2.277,1,-3.759,0,0.117,1,0.444
9/1/2015,2.306,1,1.607,0,2.279,2,1.416,0,1.61,0,1.758,0,2.365,2,-4.778,0,-0.131,1,0.667
10/1/2015,2.371,2,1.709,1,2.346,2,1.528,1,1.56,0,1.755,0,2.353,1,-4.583,0,-0.453,0,0.778
11/1/2015,2.4,2,1.786,1,2.405,2,1.672,1,1.52,0,1.797,1,2.354,1,-3.684,0,-0.146,1,1
12/1/2015,2.427,2,1.787,1,2.444,2,1.691,1,1.51,0,1.737,0,2.308,1,-3.222,0,0.065,1,0.889
1/1/2016,2.471,2,1.847,1,2.467,2,1.715,1,1.63,0,1.804,1,2.372,2,-1.643,0,0.347,1,1.111
2/1/2016,2.533,3,1.963,2,2.544,3,1.872,2,1.63,0,1.833,1,2.42,2,-3.054,0,0.431,2,1.667
3/1/2016,2.524,2,1.966,2,2.532,3,1.87,2,1.64,0,1.811,1,2.403,2,-2.843,0,-0.009,1,1.444
4/1/2016,2.532,3,1.965,2,2.538,3,1.864,2,1.68,1,1.886,1,2.474,2,-1.814,0,0.068,1,1.667
5/1/2016,2.558,3,1.93,1,2.571,3,1.832,1,1.7,1,1.954,1,2.539,2,-2.298,0,0.56,2,1.556
6/1/2016,2.556,3,1.943,1,2.569,3,1.847,2,1.68,1,1.929,1,2.466,2,-2.253,0,0.64,2,1.667
7/1/2016,2.576,3,1.983,2,2.576,3,1.865,2,1.71,1,1.921,1,2.514,2,-3.084,0,-0.072,1,1.667
8/1/2016,2.709,3,2.192,2,2.723,3,2.118,3,1.75,1,2.01,1,2.606,2,-2.773,0,0.047,1,1.778
9/1/2016,2.6,3,1.952,2,2.632,3,1.889,2,1.79,1,1.999,1,2.565,2,-0.805,1,0.293,1,1.778
10/1/2016,2.48,2,1.681,1,2.51,3,1.582,1,1.88,2,2.015,1,2.543,2,0.054,1,0.616,2,1.667
11/1/2016,2.488,2,1.616,0,2.526,3,1.519,1,1.92,2,2.048,2,2.559,2,0.021,1,0.125,1,1.556
12/1/2016,2.557,3,1.71,1,2.595,3,1.617,1,1.97,2,2.146,2,2.576,2,1.132,2,0.076,1,1.889
1/1/2017,2.619,3,1.855,1,2.662,3,1.788,1,2.02,3,2.272,3,2.636,3,2.63,4,0.1,1,2.444
2/1/2017,2.632,3,1.885,1,2.674,3,1.821,1,1.99,2,2.32,3,2.699,3,3.59,5,-0.051,1,2.444
3/1/2017,2.43,2,1.544,0,2.453,2,1.417,0,1.93,2,2.241,2,2.673,3,2.741,4,-0.051,1,1.778
4/1/2017,2.247,1,1.28,0,2.252,2,1.099,0,1.88,2,2.072,2,2.484,2,2.215,3,0.075,1,1.444
5/1/2017,2.153,1,1.186,0,2.156,1,1.001,0,1.8,1,1.956,1,2.387,2,1.252,2,-0.444,0,0.889
6/1/2017,2.125,1,1.156,0,2.139,1,0.992,0,1.79,1,1.871,1,2.37,2,0.461,1,-0.622,0,0.778
7/1/2017,2.131,1,1.189,0,2.147,1,1.034,0,1.73,1,1.845,1,2.339,1,0.735,2,-0.852,0,0.778
8/1/2017,2.089,1,1.063,0,2.09,1,0.864,0,1.74,1,1.835,1,2.3,1,1.682,3,-0.674,0,0.889
9/1/2017,2.117,1,1.181,0,2.107,1,0.978,0,1.74,1,1.783,1,2.331,1,2.723,4,-1.195,0,1
10/1/2017,2.192,1,1.323,0,2.193,1,1.152,0,1.73,1,1.799,1,2.365,2,1.908,3,-0.568,0,1
11/1/2017,2.133,1,1.263,0,2.115,1,1.057,0,1.76,1,1.801,1,2.362,2,2.667,4,-0.307,0,1.111
12/1/2017,2.148,1,1.251,0,2.125,1,1.03,0,1.77,1,1.848,1,2.438,2,2.435,3,-0.18,1,1.111
1/1/2018,2.181,1,1.281,0,2.166,1,1.075,0,1.8,1,1.902,1,2.498,2,2.257,3,0.225,1,1.111
2/1/2018,2.156,1,1.296,0,2.132,1,1.08,0,1.83,2,1.899,1,2.392,2,2.717,4,0.313,1,1.333
3/1/2018,2.366,2,1.614,0,2.369,2,1.47,0,1.88,2,1.947,1,2.396,2,2.404,3,0.584,2,1.556
4/1/2018,2.48,2,1.744,1,2.493,2,1.623,1,1.84,2,2.041,2,2.511,2,2.634,4,0.088,1,1.889
5/1/2018,2.541,3,1.839,1,2.545,3,1.707,1,1.95,2,2.132,2,2.583,2,3.667,5,0.64,2,2.333
6/1/2018,2.564,3,1.919,1,2.553,3,1.769,1,1.98,2,2.209,2,2.645,3,3.713,5,0.409,2,2.444
7/1/2018,2.527,2,1.821,1,2.52,3,1.665,1,2.02,3,2.202,2,2.644,3,4.014,5,0.813,3,2.556
8/1/2018,2.436,2,1.691,1,2.433,2,1.536,1,2,2,2.179,2,2.646,3,3.409,5,0.333,1,2.111
9/1/2018,2.459,2,1.773,1,2.462,2,1.641,1,2.02,3,2.206,2,2.601,2,1.996,3,0.7,2,2
10/1/2018,2.415,2,1.719,1,2.415,2,1.577,1,2,2,2.237,2,2.616,3,2.694,4,0.454,2,2.111
11/1/2018,2.48,2,1.79,1,2.477,2,1.643,1,2.05,3,2.295,3,2.725,3,1.27,2,0.718,2,2.111
12/1/2018,2.484,2,1.879,1,2.464,2,1.718,1,2.04,3,2.348,3,2.721,3,0.84,2,1.052,3,2.222
1/1/2019,2.411,2,1.767,1,2.386,2,1.586,1,1.92,2,2.247,2,2.643,3,-0.414,1,1.021,3,1.889
2/1/2019,2.413,2,1.687,1,2.377,2,1.471,1,1.95,2,2.205,2,2.728,3,-0.518,1,0.729,2,1.778
3/1/2019,2.436,2,1.698,1,2.4,2,1.478,1,1.98,2,2.299,3,2.832,4,0.625,1,0.358,1,1.889
4/1/2019,2.446,2,1.681,1,2.408,2,1.453,0,2.13,3,2.285,3,2.777,3,1.175,2,0.515,2,2
5/1/2019,2.431,2,1.674,1,2.397,2,1.454,0,2.03,3,2.183,2,2.742,3,0.461,1,0.034,1,1.667
6/1/2019,2.463,2,1.665,1,2.422,2,1.423,0,2,2,2.18,2,2.839,4,-0.168,1,0.666,2,1.778
7/1/2019,2.511,2,1.781,1,2.461,2,1.535,1,2.05,3,2.271,3,2.869,4,0.19,1,0.784,2,2.111
8/1/2019,2.667,3,2.095,2,2.629,3,1.905,2,2.07,3,2.3,3,2.883,4,-0.369,1,1.022,3,2.667
9/1/2019,2.642,3,2,2,2.607,3,1.8,1,2,2,2.313,3,2.951,4,-0.423,1,1.083,3,2.444
10/1/2019,2.761,3,2.274,3,2.733,3,2.121,3,2.01,2,2.38,3,2.945,4,-0.537,1,0.282,1,2.556
11/1/2019,2.775,3,2.347,3,2.768,4,2.247,3,1.92,2,2.424,3,2.922,4,0.441,1,0.159,1,2.667
12/1/2019,2.746,3,2.281,3,2.746,4,2.186,3,1.91,2,2.377,3,2.897,4,1.291,2,-0.229,0,2.667
1/1/2020,2.798,4,2.325,3,2.797,4,2.225,3,2.01,2,2.399,3,2.895,4,1.859,3,-0.476,0,2.889
2/1/2020,2.803,4,2.369,3,2.813,4,2.299,3,2.01,2,2.421,3,2.869,4,1.285,2,0.08,1,2.889
3/1/2020,2.658,3,2.169,2,2.647,3,2.048,2,1.92,2,2.351,3,2.849,4,-1.115,0,-0.635,0,2.111
4/1/2020,2.269,1,1.596,0,2.226,1,1.374,0,1.74,1,2.196,2,2.823,4,-4.149,0,-2.617,0,1
5/1/2020,2.159,1,1.417,0,2.084,1,1.117,0,1.84,2,2.316,3,2.851,4,-4.254,0,-3.086,0,1.222
6/1/2020,2.151,1,1.582,0,2.058,1,1.283,0,1.83,2,2.296,3,2.674,3,-2.211,0,-3.282,0,1.111
7/1/2020,2.427,2,2.11,2,2.349,2,1.891,2,1.86,2,2.389,3,2.768,3,-1.74,0,-2.333,0,1.778
8/1/2020,2.381,2,2.123,2,2.289,2,1.89,2,1.86,2,2.448,3,2.749,3,-0.427,1,-0.779,0,1.889
9/1/2020,2.218,1,1.99,2,2.077,1,1.668,1,1.89,2,2.381,3,2.581,2,0.38,1,0.661,2,1.667
10/1/2020,2.02,0,1.642,1,1.842,0,1.218,0,1.8,1,2.255,2,2.523,2,0.194,1,1.35,4,1.222
11/1/2020,1.986,0,1.748,1,1.799,0,1.334,0,1.76,1,2.139,2,2.337,1,0.094,1,1.517,4,1.111
12/1/2020,1.917,0,1.718,1,1.717,0,1.286,0,1.76,1,2.145,2,2.254,1,1.037,2,1.883,5,1.333
1/1/2021,1.73,0,1.513,0,1.517,0,1.053,0,1.73,1,1.99,1,2.114,0,1.911,3,1.942,5,1.111
2/1/2021,1.719,0,1.511,0,1.527,0,1.096,0,1.74,1,2.016,1,2.123,1,3.11,4,1.16,3,1.111
3/1/2021,1.877,0,1.823,1,1.707,0,1.48,1,1.82,2,2.107,2,2.072,0,6.147,6,2.521,5,1.889
4/1/2021,2.391,2,2.728,4,2.262,2,2.547,4,1.94,2,2.435,3,2.137,1,10.183,7,8.166,7,3.556
5/1/2021,2.728,3,3.283,5,2.623,3,3.197,5,2.04,3,2.592,4,2.174,1,12.329,7,12.05,7,4.222
6/1/2021,2.718,3,3.111,5,2.589,3,2.941,5,2.1,3,2.843,5,2.297,1,13.549,7,16.512,7,4.333
7/1/2021,2.507,2,2.687,4,2.315,2,2.351,3,2.16,3,2.932,5,2.295,1,13.931,7,16.531,7,3.778
8/1/2021,2.547,3,2.648,4,2.343,2,2.273,3,2.26,4,3.08,5,2.443,2,13.616,7,14.502,7,4.111
9/1/2021,2.816,4,2.864,4,2.638,3,2.528,4,2.49,5,3.444,6,2.768,3,13.443,7,12.939,7,4.778
10/1/2021,3.217,5,3.392,5,3.036,4,3.078,5,2.76,5,4.088,7,3.245,5,15.666,7,14.606,7,5.556
11/1/2021,3.416,5,3.456,5,3.214,5,3.073,5,3.03,6,4.558,7,3.663,6,17.681,7,16.563,7,5.889
12/1/2021,3.682,6,3.72,6,3.484,5,3.343,5,3.26,6,4.936,7,3.996,6,18.002,7,18.726,7,6.111
1/1/2022,4.17,6,4.348,6,3.989,6,4.03,6,3.63,6,5.476,7,4.452,7,17.903,7,19.07,7,6.444
2/1/2022,4.504,6,4.732,7,4.307,6,4.393,6,3.78,7,5.815,7,4.761,7,18.224,7,19.748,7,6.667
3/1/2022,4.749,7,4.984,7,4.558,6,4.659,6,3.86,7,6.105,7,5.095,7,19.72,7,18.247,7,6.778
4/1/2022,4.922,7,5.077,7,4.722,6,4.716,7,3.91,7,6.201,7,5.371,7,17.843,7,14.435,7,6.889
5/1/2022,5.178,7,5.282,7,4.986,7,4.923,7,4.1,7,6.596,7,5.719,7,18.177,7,12.207,7,7
6/1/2022,5.589,7,5.674,7,5.422,7,5.364,7,4.48,7,6.949,7,6.117,7,18.333,7,8.258,7,7
7/1/2022,5.763,7,5.672,7,5.625,7,5.385,7,4.51,7,6.987,7,6.356,7,15.88,7,7.001,7,7
8/1/2022,6.131,7,5.973,7,5.992,7,5.669,7,4.75,7,7.214,7,6.728,7,14.248,7,7.569,7,7
9/1/2022,6.524,7,6.36,7,6.393,7,6.074,7,4.73,7,7.312,7,7.005,7,12.993,7,7.261,7,7
10/1/2022,6.514,7,6.154,7,6.365,7,5.793,7,4.75,7,6.94,7,6.909,7,11.323,7,5.231,7,7
11/1/2022,6.608,7,6.096,7,6.471,7,5.732,7,4.7,7,6.678,7,6.869,7,8.866,7,2.758,5,6.778
12/1/2022,6.728,7,5.971,7,6.617,7,5.617,7,4.66,7,6.585,7,6.989,7,6.426,6,0.552,2,6.333
1/1/2023,6.667,7,5.667,7,6.554,7,5.268,7,4.63,7,6.553,7,7.085,7,6.358,6,0.099,1,6.222
