Date,Sticky_Price_CPI,Sticky_Price_CPI_Less_Shelter,Sticky_Price_CPI_Less_Food_Energy,Sticky_Price_CPI_Less_Food_Energy_Shelter,Trimmed_Mean_PCE_Inflation_Rate,16_Percent_Trimmed_Mean_CPI,Median_CPI,Flexible_Price_CPI,Flexible_Price_CPI_Less_Food_Energy
1968-01-01,3.716599598,4.00643476,3.659987292,3.980729905,,,,3.141071771,5.578571343
1968-02-01,3.743138857,4.053200374,3.682012499,4.024829783,,,,3.313801374,5.088472421
1968-03-01,4.189962849,4.357155239,4.151667589,4.333090534,,,,3.621272494,5.18923609
1968-04-01,4.173220944,4.338833362,4.165427174,4.364945132,,,,3.886497398,5.042406628
1968-05-01,4.138671483,4.478256645,4.097704474,4.490796866,,,,4.012919407,4.953721496
1968-06-01,4.565573664,4.580171229,4.557597098,4.570581598,,,,3.82484335,5.52655168
1968-07-01,4.746177566,4.494458312,4.766361188,4.468380895,,,,3.615392387,5.129392079
1968-08-01,4.939967176,4.616510533,4.960194431,4.573433646,,,,3.556593424,4.987463833
1968-09-01,4.936805457,4.612705792,4.961849181,4.577528532,,,,3.523783306,4.766146384
1968-10-01,5.170352199,4.797545458,5.198351909,4.755786565,,,,3.903415336,4.608452065
1968-11-01,5.337452573,4.882161107,5.414944837,4.902508336,,,,3.86105787,4.759254881
1968-12-01,5.61556814,5.136914429,5.72486893,5.204421637,,,,3.560175935,3.912098427
1969-01-01,5.621812667,4.978073877,5.765763045,5.064315607,,,,3.345218779,3.449154547
1969-02-01,5.621433737,4.989884892,5.769158001,5.084857475,,,,3.503962876,4.445486545
1969-03-01,5.947254157,4.960839377,6.143376532,5.052313188,,,,4.002298062,5.321265297
1969-04-01,6.313282135,5.175209513,6.524447618,5.255436595,,,,4.182151089,5.050195758
1969-05-01,6.559425637,5.199925365,6.799346963,5.273967977,,,,4.009461834,4.545887004
1969-06-01,6.219215824,5.264759432,6.392103407,5.324637086,,,,4.572765457,4.320442778
1969-07-01,6.24416691,5.337432681,6.404961413,5.388561862,,,,4.574516845,4.390766472
1969-08-01,6.272492764,5.406150934,6.430385766,5.461988441,,,,4.481812613,4.064220926
1969-09-01,6.673968105,5.497978733,6.850795793,5.510723065,,,,4.512479277,3.749430584
1969-10-01,6.469862669,5.213321114,6.574721234,5.086663269,,,,4.40050106,4.352991375
1969-11-01,6.402032902,5.137316026,6.451706907,4.917009804,,,,4.879823119,4.510027066
1969-12-01,6.391179191,5.149853496,6.425116862,4.909342813,,,,5.808365458,5.138541102
1970-01-01,6.628346575,5.541727964,6.628279061,5.281909999,,,,5.634945039,5.099891394
1970-02-01,7.05340498,5.69538411,7.09144749,5.43453651,,,,5.565927111,4.119342909
1970-03-01,7.030776931,5.718070059,7.030543696,5.405113868,,,,4.634311873,2.967321396
1970-04-01,6.920173222,5.760508914,6.855423125,5.375972553,,,,4.741045651,3.298284481
1970-05-01,7.038399891,5.802757132,6.98585698,5.42054555,,,,4.9836906,4.093436281
1970-06-01,7.163916798,5.845343819,7.191308106,5.576703147,,,,4.216046944,4.322945533
1970-07-01,7.025343259,6.008652623,7.04714037,5.802276285,,,,4.153722191,4.081249401
1970-08-01,7.100466286,5.986185465,7.154475413,5.81092461,,,,3.746259606,4.076783126
1970-09-01,7.035127774,5.926516098,7.121184091,5.806941406,,,,3.914976628,4.513521695
1970-10-01,6.952715249,5.991521352,7.097174731,6.005302926,,,,4.064255916,4.248809487
1970-11-01,7.169082384,6.354887696,7.376794582,6.510374758,,,,3.605768518,4.461050121
1970-12-01,7.138243878,6.170434574,7.381000774,6.348404053,,,,3.243656239,4.949304393
1971-01-01,6.87835403,6.120822576,7.042661405,6.217816013,,,,3.142727252,5.05664946
1971-02-01,6.24552738,6.152129419,6.360389898,6.325130039,,,,2.840035751,4.996211019
1971-03-01,5.495843805,5.986856903,5.533559236,6.169529739,,,,3.421636591,4.995371145
1971-04-01,5.252894826,5.941839118,5.338291383,6.253321024,,,,3.275770768,4.864793474
1971-05-01,5.019831221,5.918899535,5.094236396,6.262631926,,,,3.370193419,4.906731587
1971-06-01,5.21366618,5.914829796,5.273268229,6.185309022,,,,3.669038783,4.308242524
1971-07-01,5.133134576,5.793927161,5.199542864,6.065991352,,,,3.533522024,4.360582222
1971-08-01,4.916211778,5.633424061,4.947926701,5.859800213,,,,3.769974535,3.641082121
1971-09-01,4.695695665,5.46503383,4.707522595,5.669712774,,,,3.093715297,3.03968409
1971-10-01,4.426415656,5.047646594,4.41123702,5.170577188,,,,2.836845879,2.564589024
1971-11-01,4.022936079,4.424895667,3.978662385,4.445657666,,,,2.626391659,1.764180842
1971-12-01,3.784094868,4.376825464,3.708040621,4.388493809,,,,2.897770043,1.14116779
1972-01-01,3.748832271,4.012260021,3.755946258,4.087017928,,,,2.941731521,1.506480439
1972-02-01,3.821110636,3.658914767,3.864643731,3.693739252,,,,3.565498062,1.592078683
1972-03-01,4.028227307,3.517103258,4.078580445,3.480042758,,,,3.173018593,1.773685751
1972-04-01,3.963444622,3.269084127,3.991015808,3.150445047,,,,2.797806042,1.761753214
1972-05-01,3.843967792,3.092863022,3.880713129,2.976223324,,,,2.651094631,1.541580101
1972-06-01,3.468296193,2.836281234,3.504240606,2.746611111,,,,2.259987324,1.434570255
1972-07-01,3.455394477,2.673651434,3.481835749,2.532741074,,,,2.543885782,1.127365129
1972-08-01,3.365084007,2.545095267,3.380601319,2.376333183,,,,2.51506354,1.475935559
1972-09-01,3.151398421,2.521952543,3.137835466,2.349449262,,,,3.551842228,2.358352141
1972-10-01,3.323692322,2.7947514,3.344140047,2.70331948,,,,3.63555157,2.278979468
1972-11-01,3.280365561,2.886664757,3.281095844,2.794017505,,,,4.150438692,2.708154275
1972-12-01,3.188525703,2.749527231,3.153985901,2.586460873,,,,3.855297118,3.049128898
1973-01-01,2.926712508,2.499680045,2.847928102,2.264511619,,,,4.905381406,2.537841764
1973-02-01,3.007580644,2.63113876,2.886258664,2.335821889,,,,5.40664576,2.778050854
1973-03-01,3.060647582,2.719306789,2.934248028,2.423467188,,,,7.149926951,3.171490417
1973-04-01,3.169000412,2.893787026,3.036614659,2.603452481,,,,8.510894637,3.551795098
1973-05-01,3.395894374,3.107138861,3.180735955,2.673050589,,,,9.092038333,3.530809169
1973-06-01,3.410220591,3.286628559,3.104206448,2.737114462,,,,9.913670066,3.649775355
1973-07-01,3.360522739,3.365290088,3.018552356,2.784463532,,,,9.553228174,3.659548577
1973-08-01,3.661661161,3.554155544,3.329072164,2.961292023,,,,13.64245875,3.923155423
1973-09-01,4.369577853,3.934832688,3.952644678,3.11895648,,,,12.359044332,3.259517521
1973-10-01,5.244286892,4.586319326,4.775638756,3.628317112,,,,12.71587586,3.204997347
1973-11-01,5.478476318,4.817932396,4.938670847,3.737667973,,,,13.57610655,2.938868086
1973-12-01,5.877920723,5.164487407,5.319843098,4.039586593,,,,14.392230969,2.638223318
1974-01-01,6.400905807,5.705515397,5.857506965,4.609076547,,,,15.034296204,2.715820042
1974-02-01,6.812996957,6.075522275,6.303969131,5.026899021,,,,16.015249922,2.72611987
1974-03-01,7.276441776,6.527350627,6.831393725,5.584397154,,,,15.768710277,2.614602387
1974-04-01,7.618471655,6.933412737,7.120384207,5.916058223,,,,14.746932198,2.94831727
1974-05-01,8.139407626,7.631398661,7.749650582,6.840058381,,,,15.224468845,3.880116887
1974-06-01,8.943358472,8.479050824,8.640321526,7.845721356,,,,14.89497495,5.212834669
1974-07-01,9.835974521,9.326110176,9.552860371,8.715223461,,,,15.135144908,6.405109421
1974-08-01,10.423442287,10.167034576,10.130319088,9.599943233,,,,12.468096682,8.167271789
1974-09-01,10.756425185,10.627464781,10.621603911,10.362936098,,,,14.370432731,8.913373714
1974-10-01,10.674289565,10.728527522,10.591306867,10.598878221,,,,14.620308934,10.042211689
1974-11-01,11.006542123,11.143516055,11.017162794,11.19624515,,,,14.326677999,10.879132197
1974-12-01,11.463072279,11.496319975,11.527439415,11.615712727,,,,13.873600687,10.998942656
1975-01-01,11.643704989,11.691713137,11.65667686,11.726307586,,,,12.58123675,11.04318027
1975-02-01,11.767240687,11.798276496,11.816414421,11.891008291,,,,10.548924536,10.885838912
1975-03-01,11.555633757,11.64571217,11.603717425,11.751327029,,,,9.082139599,10.956665908
1975-04-01,11.534669446,11.509909256,11.729239119,11.838127908,,,,8.598759301,9.876663535
1975-05-01,10.772947213,10.621621287,10.951529411,10.889887158,,,,7.641620007,8.573801135
1975-06-01,10.256055889,9.866732009,10.45505733,10.109869795,,,,8.103165547,7.276913207
1975-07-01,9.573944458,9.251093733,9.787927045,9.536809901,,,,9.651932404,6.780524936
1975-08-01,8.771470769,8.563657479,8.938380195,8.797766646,,,,8.231609575,5.30121616
1975-09-01,8.413766583,8.447660605,8.554354053,8.697554552,,,,7.411731179,4.798264967
1975-10-01,8.026763072,8.140477893,8.142102792,8.367279615,,,,7.200221762,4.127270101
1975-11-01,8.012518206,8.022894015,8.13591166,8.237270134,,,,6.691977522,3.567069228
1975-12-01,7.591388486,7.787246174,7.727553082,8.070585732,,,,6.471617571,3.832190085
1976-01-01,7.513965508,7.942489072,7.741363545,8.440598145,,,,5.910561463,3.816864768
1976-02-01,7.177311981,7.805686975,7.425762409,8.389230437,,,,5.254877437,4.040194005
1976-03-01,7.148879578,7.892531834,7.388426262,8.488142294,,,,4.891001389,4.148469271
1976-04-01,6.733211054,7.614904975,6.899629973,8.117968547,,,,5.077048942,4.893856736
1976-05-01,6.858077101,7.697756649,7.018298581,8.1790592,,,,5.252698335,5.610254235
1976-06-01,6.795167515,7.746020822,6.922850698,8.198795575,,,,4.603760254,5.780233369
1976-07-01,7.01644946,7.870726691,7.140992224,8.293831449,,,,3.319675187,5.655557423
1976-08-01,7.20710076,7.940597959,7.405380061,8.460619753,,,,3.654108188,5.907072552
1976-09-01,6.964311186,7.577650737,7.125381525,8.00298871,,,,3.528452991,6.208154599
1976-10-01,6.745538701,7.483353573,6.910786682,7.946693265,,,,3.380327527,6.300967706
1976-11-01,6.461684574,7.404207257,6.633941823,7.929702314,,,,3.181577828,6.401360878
1976-12-01,6.117029015,7.218662085,6.218614511,7.6619913,,,,3.195979463,6.574823307
1977-01-01,5.956727076,6.63327271,6.062302309,6.978205637,,,,4.076603382,7.239223838
1977-02-01,5.955398413,6.411075779,6.063399587,6.705620227,,,,6.041432489,7.182804671
1977-03-01,6.01515088,6.287437842,6.112229251,6.518439216,,,,6.840733331,6.668291098
1977-04-01,6.502733029,6.495264635,6.591159521,6.643200729,,,,7.422447748,6.150109684
1977-05-01,6.701625192,6.709814092,6.751544987,6.796265694,,,,7.150345935,5.693033538
1977-06-01,6.875745802,6.893933832,6.930956833,6.991825257,,,,7.116706503,5.380097423
1977-07-01,6.842049345,6.761262404,6.892219332,6.826544176,,,,6.878839731,5.049410171
1977-08-01,6.809163955,6.732495775,6.843199666,6.771420964,,,,6.497557594,4.251497337
1977-09-01,6.831617962,6.681957314,6.883555545,6.733634064,,,,6.155656582,3.593772294
1977-10-01,6.906061865,6.592925172,6.96244877,6.612587327,,,,5.915284944,3.489265581
1977-11-01,6.981275897,6.401514202,7.010588577,6.311551295,,,,6.517083411,3.482610274
1977-12-01,7.290648214,6.431371291,7.387469073,6.39543458,,,,6.255349303,3.147067114
1978-01-01,7.334953188,6.480773428,7.395951567,6.39491549,5.7,,,5.98437431,2.760712414
1978-02-01,7.39375893,6.602138848,7.365140892,6.368925204,5.57,,,4.869083443,2.082244318
1978-03-01,7.502141729,6.537709341,7.457868288,6.23747747,5.55,,,5.217837469,2.381235323
1978-04-01,7.467883336,6.486597564,7.437211324,6.205476034,5.71,,,5.538440994,2.761202315
1978-05-01,7.678974185,6.470506933,7.667650906,6.167313212,5.9,,,6.44690487,3.342380601
1978-06-01,7.75513108,6.362915075,7.705467144,5.948776199,5.91,,,7.204323009,4.122509218
1978-07-01,7.982389911,6.475043261,7.939210957,6.048870498,5.99,,,7.468206329,4.657494835
1978-08-01,8.268525627,6.593974198,8.204046896,6.08792049,6.04,,,7.779656553,5.435818374
1978-09-01,8.654850473,6.733723324,8.605577994,6.207667914,6.22,,,8.15590031,5.992608495
1978-10-01,9.084288294,6.971119573,9.062421667,6.455269829,6.54,,,8.783700613,6.363728204
1978-11-01,9.25638291,7.166354647,9.237557806,6.659085855,6.65,,,8.560555964,6.454996229
1978-12-01,9.140540026,7.303148406,9.071115875,6.752059424,6.71,,,8.968781275,6.482263428
1979-01-01,9.188236485,7.462498919,9.083750922,6.865898492,7.03,,,9.577711301,5.980775037
1979-02-01,9.66144957,7.522394174,9.586034706,6.888659826,7.22,,,10.466253007,7.008569781
1979-03-01,9.785702702,7.686133508,9.689852424,7.01871064,7.25,,,11.049245038,7.408913941
1979-04-01,10.020315189,7.774378168,9.934098639,7.091645804,7.26,,,11.614304522,7.929559832
1979-05-01,10.198353336,7.917581179,10.09794116,7.196028954,7.35,,,12.062594291,8.043393901
1979-06-01,10.345613926,7.868920594,10.284819787,7.180150092,7.39,,,12.539386011,7.509288837
1979-07-01,10.548939046,7.942238476,10.521237318,7.288881447,7.5,,,13.421900957,6.791183056
1979-08-01,10.910837934,8.024645492,10.954395743,7.449389283,7.68,,,13.906914952,6.102272692
1979-09-01,10.934604841,7.933165055,11.002540622,7.38097686,7.8,,,14.509971408,5.520481727
1979-10-01,11.221219155,7.910066209,11.279514365,7.267222097,7.89,,,14.356585798,4.836009447
1979-11-01,11.825775912,8.186087436,11.951758189,7.60536033,7.89,,,14.293878606,4.472151332
1979-12-01,12.567326283,8.411508764,12.761858458,7.850343855,8.04,,,14.822162221,4.718128269
1980-01-01,13.230540638,8.684008023,13.499249243,8.182370523,8.15,,,15.926839278,5.918886324
1980-02-01,13.292790737,8.984094453,13.627778119,8.670686566,8.35,,,16.1553841,5.950380841
1980-03-01,13.928697743,9.382151922,14.361385885,9.211129464,8.6,,,16.668805744,5.726559829
1980-04-01,14.289352928,9.707858254,14.786779517,9.662178252,8.56,,,15.501350204,5.22334496
1980-05-01,14.566256436,9.887947016,15.147255922,9.990085518,8.56,,,14.422912876,4.819895091
1980-06-01,15.171267605,10.055206727,15.810582065,10.178065306,8.72,,,13.154171551,4.660966469
1980-07-01,13.680706947,10.005119868,14.178529783,10.180298713,8.6,,,12.606916877,5.201073132
1980-08-01,12.907388688,10.02503424,13.314194421,10.201941687,8.57,,,12.902751848,6.207416507
1980-09-01,12.777192261,10.458517169,13.136608244,10.672289417,8.67,,,12.758693567,7.669061444
1980-10-01,12.735037452,10.333745181,13.133051948,10.611917619,8.57,,,12.725621186,8.53515672
1980-11-01,12.548205291,10.064301177,12.91869716,10.268034339,8.64,,,13.082805041,9.662888895
1980-12-01,12.386180396,9.943360668,12.732242952,10.107175404,8.64,,,12.672533569,9.718516972
1981-01-01,11.78489619,9.976176952,12.062863603,10.147539277,8.59,,,11.83765844,9.167953407
1981-02-01,11.141280927,9.957698473,11.274926046,9.971302114,8.6,,,12.231236026,8.767039548
1981-03-01,10.271792595,9.535026802,10.363727852,9.565177747,8.41,,,11.39045323,8.319454489
1981-04-01,9.7137981,9.314715719,9.752589153,9.310392363,8.5,,,10.995590878,8.670358756
1981-05-01,9.599426636,9.113795825,9.645887355,9.106429721,8.32,,,10.57714359,9.621174558
1981-06-01,9.211951122,9.147199988,9.250210999,9.221261209,8.07,,,10.607542626,10.374102934
1981-07-01,11.042836155,9.608015687,11.274384726,9.776087721,8.1,,,10.472867315,10.682081028
1981-08-01,11.542327368,9.566368162,11.853018154,9.776022324,8.01,,,9.849448124,10.499261314
1981-09-01,11.8782354,9.402674637,12.262533118,9.654623341,7.82,,,9.453761286,9.987397005
1981-10-01,10.978900338,9.551220214,11.298313544,9.91149435,7.62,,,9.050052537,9.99648206
1981-11-01,10.268981242,9.570259926,10.554645194,10.030177476,7.41,,,8.475648334,9.150688128
1981-12-01,9.596625848,9.277665222,9.884984782,9.834140693,7.14,,,7.884585192,8.951027512
1982-01-01,9.207849099,9.014213278,9.499196473,9.605514896,6.83,,,6.864392735,8.513364409
1982-02-01,9.179667663,8.637741512,9.56769049,9.351880215,6.38,,,5.114869416,8.246999741
1982-03-01,8.604432242,8.533902671,8.920648287,9.203785229,6.2,,,3.862076115,8.514193506
1982-04-01,8.746658257,8.326552414,9.112202163,9.02106135,5.86,,,3.044280911,8.193200638
1982-05-01,8.708529828,8.160895579,9.08479885,8.85226276,5.77,,,3.646530396,7.419487056
1982-06-01,8.546520273,8.075106594,8.909836827,8.759118078,5.74,,,4.932929766,7.210874424
1982-07-01,7.644790456,7.613665109,7.912560428,8.193356905,5.76,,,4.693034917,6.731669893
1982-08-01,7.128501169,7.30629299,7.351467333,7.837267062,5.49,,,4.001304221,6.094070812
1982-09-01,5.89963486,6.948960649,6.003409335,7.420230491,5.13,,,3.488050086,5.48320743
1982-10-01,5.885856684,6.80774586,6.000904404,7.272468848,5.06,,,3.572123246,5.062706302
1982-11-01,5.264694869,6.308935946,5.327823771,6.687889978,4.78,,,3.328742668,5.122891151
1982-12-01,4.566914209,6.204560516,4.518985485,6.52355255,4.61,,,2.934812034,5.297716926
1983-01-01,4.709928196,6.02760215,4.695598354,6.332145585,4.63,,,2.595638598,5.821918631
1983-02-01,4.643182687,5.856958475,4.62783567,6.13103849,4.57,,,2.113067641,6.069071221
1983-03-01,4.860477795,5.597915412,4.855813143,5.802636284,4.33,,,2.272271393,5.725610197
1983-04-01,4.517442503,5.420488232,4.456933531,5.540238441,4.47,,,3.896205138,5.462755416
1983-05-01,3.67413272,5.076345684,3.549623729,5.166317432,4.24,,,3.880831398,5.240924006
1983-06-01,3.004230742,4.677174474,2.843739681,4.741649915,4.06,,,2.485868346,5.026427958
1983-07-01,2.763699957,4.348790552,2.630755198,4.43769068,3.79,,,2.488194883,5.602324453
1983-08-01,2.685071021,4.30451207,2.553400975,4.40518931,3.7,,,2.989379994,6.357979375
1983-09-01,3.047851854,4.139546098,2.944004571,4.188506227,3.79,,,3.099609757,6.65346247
1983-10-01,3.200312426,4.095131253,3.09331236,4.093883086,3.56,,,2.831433577,6.657316544
1983-11-01,3.779038194,4.327592274,3.751793567,4.405853617,3.68,,,2.732271965,6.878965633
1983-12-01,4.377147631,4.208073522,4.465480085,4.315652121,3.63,3.87556837560323,4.2692914161004,3.017262119,6.637492764
1984-01-01,4.425435913,4.43661856,4.485762548,4.538306566,3.59,4.02646756100844,4.25586424702213,3.916634291,6.373551916
1984-02-01,4.471231217,4.493513636,4.524563869,4.586146661,3.64,4.0739565361489305,4.22932358461918,4.92476333,5.801148141
1984-03-01,4.575400021,4.440690297,4.65415841,4.539974153,3.79,4.14683084176317,4.25535592497561,5.179457982,6.210968611
1984-04-01,4.542161493,4.422483032,4.646319003,4.567245479,3.78,4.1544031880234,4.2259466134851005,4.498236733,6.474237514
1984-05-01,4.624311409,4.573684588,4.708074066,4.70038276,3.7,4.03771670216992,4.19494126817186,3.745819116,6.699676209
1984-06-01,4.697065373,4.656541427,4.787485493,4.796470013,3.71,4.03709405885704,4.3712178744972405,3.588976371,6.582641996
1984-07-01,4.823600793,4.710993468,4.897092721,4.807008983,3.8,4.099640717280439,4.455732084689349,3.300863021,6.102864084
1984-08-01,4.943342234,4.828997409,5.032939607,4.951070872,3.88,4.18368250346424,4.43864864014778,3.162223815,5.601281149
1984-09-01,4.987028264,4.890255381,5.140612141,5.12176722,3.86,4.22950169818941,4.408636502776339,3.096117846,5.184120652
1984-10-01,4.938077332,4.786900424,5.103857709,5.026105154,3.94,4.20488301585435,4.30729016112668,3.135667925,4.840725721
1984-11-01,4.820389624,4.655362683,4.968986894,4.863138249,3.77,4.06999891462421,4.11692557306871,2.973454617,4.157135834
1984-12-01,4.927254642,4.745073267,5.052939222,4.911430559,3.88,4.0526671359909905,4.10800843119741,2.757164457,3.798133445
1985-01-01,4.594186034,4.250429031,4.726710471,4.392038884,3.73,3.80566019509696,3.95977251812427,2.170723186,3.759300393
1985-02-01,4.735431995,4.297193122,4.871701461,4.423987451,3.82,3.87702027384598,4.03983073578131,1.990830603,4.649502179
1985-03-01,4.811491167,4.499341948,4.962072036,4.677737858,3.82,3.96099172668063,4.10560154060882,2.265703261,4.422035971
1985-04-01,4.633397262,4.470355471,4.754134291,4.632960618,3.61,3.80868683798972,4.10725077288716,2.188510942,3.762550305
1985-05-01,4.878042931,4.376163887,5.037120921,4.526427613,3.69,3.78413718792332,4.09966170235319,1.80411093,2.714215349
1985-06-01,4.916405631,4.409571462,5.05654234,4.527718804,3.75,3.8894178277727,4.13253941086853,1.822888928,2.343941109
1985-07-01,4.788995689,4.345703213,4.948295318,4.509905509,3.55,3.7477039570724497,3.94182454860663,1.615458967,1.714158208
1985-08-01,4.792136104,4.212487124,4.94547442,4.336684654,3.54,3.4977702348606403,3.83936631324331,1.012532932,1.336733731
1985-09-01,4.70220158,4.181583569,4.7871651,4.206636901,3.5,3.4191554810831404,3.7538971034198703,0.973067836,1.367924051
1985-10-01,4.823756291,4.289798388,4.891950804,4.284403628,3.46,3.4062688449604304,3.7510830683529197,0.741710211,1.320564917
1985-11-01,5.050456594,4.394954118,5.149995169,4.414799541,3.61,3.6311895470637796,3.98280103784825,1.339061214,1.536561998
1985-12-01,4.914869031,4.280391431,5.030732007,4.331861804,3.62,3.7447851017191405,3.9461385852988,2.084711496,1.763321811
1986-01-01,5.174584068,4.620183749,5.296961132,4.700085303,3.72,3.81596745869253,4.05878103319792,1.972696149,1.59129617
1986-02-01,4.996538315,4.57658679,5.124947576,4.696165868,3.47,3.48821407624909,3.85683803777763,0.438922443,0.434586251
1986-03-01,5.085772292,4.494205619,5.229854261,4.601905974,3.28,3.2894955712963903,3.8297318125608504,-1.961601045,-0.166160458
1986-04-01,5.221268884,4.498944074,5.370857251,4.586863035,3.33,3.2620920991261806,3.8028658213344197,-3.626908053,-0.305037932
1986-05-01,4.929251311,4.533484094,5.040741681,4.630967907,3.26,3.25580519505908,3.7133401651287206,-3.151327523,0.070250775
1986-06-01,4.933546871,4.589392605,5.042080888,4.693402346,3.24,3.24325268655254,3.58538534572059,-2.762930701,0.057698412
1986-07-01,4.886928617,4.612108459,4.975291061,4.698129592,3.27,3.2723023631315202,3.71827805197102,-3.105379454,0.595269057
1986-08-01,4.743393533,4.549196539,4.838260997,4.663951905,3.19,3.37704791290876,3.7034986480491696,-2.819638339,0.886632188
1986-09-01,4.842261218,4.543152416,4.962973389,4.677568866,3.2,3.4234550403657202,3.7494854420781203,-2.606661343,0.995562011
1986-10-01,4.744666482,4.397589912,4.897657302,4.5749434,3.27,3.3997396804040294,3.8084447555620597,-2.947548511,0.937526797
1986-11-01,4.493195622,4.252299421,4.591247998,4.362112351,3.2,3.21104294191479,3.74368244196006,-3.360890794,1.014466603
1986-12-01,4.560487653,4.461544456,4.64519092,4.582559314,3.13,3.14553967715558,3.8142257642835404,-3.721001566,0.927939581
1987-01-01,4.434686849,4.333645351,4.481798225,4.388389906,3.16,3.27464971916314,3.8913716652414303,-2.57838573,1.397895934
1987-02-01,4.389380841,4.157761126,4.44093159,4.192360279,3.22,3.4341139555640097,3.90542273305929,-0.862148232,1.7722676
1987-03-01,4.22613005,4.155083433,4.263792189,4.203717708,3.41,3.48902384590331,3.85653379938464,1.311323728,2.463180154
1987-04-01,4.282098845,4.206536684,4.358079784,4.323319141,3.57,3.70026704538868,3.9032139376327097,3.204518046,3.224806353
1987-05-01,4.3216431,4.138264927,4.416917659,4.262355193,3.66,3.83358488780647,4.09297455308371,3.385517127,3.813710683
1987-06-01,4.097082798,3.88819209,4.175391862,3.975187035,3.6,3.7802938391420002,4.04876451269389,3.684944246,4.146252494
1987-07-01,4.107141787,3.971880784,4.166490008,4.044673399,3.59,3.82667067186708,4.06277541192652,4.366195762,4.143204399
1987-08-01,4.21773301,3.982892306,4.280898407,4.040928317,3.74,3.96045002979644,4.06530771806861,5.033045122,4.267072121
1987-09-01,4.234592066,4.055717173,4.291035748,4.114883852,3.71,4.03083681833587,4.167000312687461,4.919935969,4.34892807
1987-10-01,4.286826485,4.007175562,4.343067431,4.046104329,3.73,4.0738887396806405,4.13480793805538,5.262990478,4.647148194
1987-11-01,4.251599844,4.013532241,4.314664296,4.07310103,3.72,4.09745244556969,4.02798191764919,5.406471387,4.71584218
1987-12-01,4.231618382,3.748418092,4.302583149,3.764268901,3.63,3.93389534424242,3.9368447667368103,5.138174405,4.306318113
1988-01-01,4.276513288,3.714372785,4.383640423,3.777645421,3.62,3.77085690163066,3.76765592644981,3.881421736,3.979763545
1988-02-01,4.298611687,3.819990038,4.386553409,3.868142744,3.58,3.76019823215461,3.7316951912340897,2.952551542,3.64365784
1988-03-01,4.373500428,3.886768723,4.451939222,3.915485434,3.56,3.79693522575126,3.783203654277,2.85635313,3.872756428
1988-04-01,4.344401055,4.072630335,4.388452903,4.089142582,3.51,3.79001120567717,3.78358616487875,3.20654653,4.115962636
1988-05-01,4.387480613,4.216283426,4.445286952,4.282044005,3.49,3.7437627163754903,3.69271554415422,3.013041367,3.774935727
1988-06-01,4.612333941,4.415671293,4.685384324,4.503492809,3.59,3.8390321569092594,3.84308844520262,2.727379672,3.773922374
1988-07-01,4.65198281,4.40870214,4.712055892,4.461294456,3.77,3.94463484222851,3.87483877256651,3.26867566,3.810690062
1988-08-01,4.633284795,4.459216916,4.685749317,4.514520742,3.71,3.94318547820736,4.03768709386523,2.962854,3.168261791
1988-09-01,4.67156076,4.526903045,4.73102913,4.60206515,3.87,4.05401078914425,4.019692320773149,3.345090244,3.862837119
1988-10-01,4.574468482,4.640180671,4.616281806,4.732604422,3.82,4.11810955835938,4.0603419873398,3.633295102,4.019009443
1988-11-01,4.691280839,4.688127343,4.751873732,4.798727993,3.87,4.10575433531979,4.02935416707828,3.441963363,3.722401304
1988-12-01,4.741324332,4.930650426,4.798725378,5.08097901,4.01,4.26531986572001,4.1224613453765295,3.680444254,4.190886421
1989-01-01,4.723486606,5.096444284,4.756783262,5.245617081,4.05,4.37498050037408,4.23622800036425,4.202421479,4.543779962
1989-02-01,4.758804392,5.110908501,4.792426849,5.255791704,4.15,4.49906206954871,4.42845920632731,4.7495161,4.591680385
1989-03-01,4.720700101,4.964682171,4.760352769,5.095161193,4.16,4.61710314218742,4.4796115925345195,5.33815645,4.475256811
1989-04-01,4.59859855,4.794625544,4.627130987,4.893188441,4.16,4.56929065711091,4.49137234730348,6.341195786,3.992692761
1989-05-01,4.736250341,4.890379325,4.751380664,4.954324218,4.24,4.749395167009559,4.65618467423796,6.813706777,3.961098757
1989-06-01,4.724806584,4.941273106,4.753801306,5.045446032,4.13,4.6599687791410105,4.5877805899206905,6.290294793,3.693349929
1989-07-01,4.85663347,4.898565335,4.905247602,4.997600123,4.04,4.64318542373834,4.69086463345825,5.556248243,3.286916859
1989-08-01,4.818196697,4.948592094,4.865522153,5.066140944,3.95,4.472359216337201,4.488371708959019,4.690721641,3.080647853
1989-09-01,4.67248583,4.896732074,4.684441734,4.971316983,3.8,4.23858633031153,4.3601028944200095,4.044214549,2.513222475
1989-10-01,4.792601406,4.798297941,4.81739966,4.845202171,3.94,4.34979871441445,4.4345750551942,4.34987456,2.593683435
1989-11-01,4.796860832,4.779708974,4.811218772,4.802092588,3.92,4.49924150462817,4.535964296254,4.483452686,2.900712314
1989-12-01,4.825075475,4.746945209,4.842735403,4.761144387,3.94,4.57988047611577,4.52087628766056,4.624167792,2.996463743
1990-01-01,4.882618792,4.77779534,4.92058886,4.822856029,3.85,4.64747238517929,4.565263970256719,6.175042138,2.521465064
1990-02-01,4.904509516,4.961047592,4.935526464,5.031079288,3.82,4.62443465160483,4.5463759648802995,6.362605419,3.36368828
1990-03-01,5.168488466,5.218415861,5.208700881,5.303906087,3.95,4.626935274569919,4.56426363106497,5.676784129,3.436815659
1990-04-01,5.247451152,5.262637115,5.294133558,5.351799613,3.9,4.5613782961048095,4.60036202670395,3.858001799,3.22781191
1990-05-01,5.152442029,5.241523972,5.183754067,5.31986806,3.8,4.36056878061446,4.48205455432797,3.089015489,3.056538173
1990-06-01,5.334121606,5.244395004,5.388456883,5.323128292,3.94,4.60185998194746,4.6295459467221995,3.698959593,3.21825789
1990-07-01,5.449435709,5.322466461,5.535071884,5.450405969,3.96,4.696164036712469,4.58729718366737,3.89709625,3.425299288
1990-08-01,5.736043079,5.443325632,5.855903558,5.595561284,4.14,4.98997944821054,4.82245310258891,5.870937606,4.060302167
1990-09-01,5.792587855,5.531140531,5.948660349,5.756736053,4.13,5.09377790273711,4.76689825500789,7.50046073,3.901297306
1990-10-01,5.678116649,5.67271552,5.817450968,5.927836892,4.01,4.95259479035737,4.71564201562709,8.295871019,3.521240643
1990-11-01,5.568051025,5.705502397,5.70341926,5.986898052,3.89,4.886956053918469,4.669577359621369,8.350793654,3.287766088
1990-12-01,5.53740698,5.654764162,5.672549361,5.931108988,3.84,4.85623582008849,4.77703416733171,8.268986024,3.776060129
1991-01-01,5.770078409,5.766212074,5.839029006,5.892445985,3.82,4.9619479345521595,4.805757310151249,5.98328015,4.342133402
1991-02-01,5.844499403,5.88751487,5.883436919,5.969654811,3.72,4.90505674793971,4.753482784850441,4.751070333,4.109651684
1991-03-01,5.456652321,5.585080896,5.496431415,5.688757212,3.43,4.6881795076912,4.6202505501683,4.130008261,3.592462833
1991-04-01,5.275343917,5.383268361,5.302381155,5.458749504,3.35,4.64435230357148,4.45814150352091,4.523596843,3.869462281
1991-05-01,5.209231728,5.3257192,5.248477287,5.425526299,3.45,4.74132448571913,4.50008108393465,5.204043378,4.182812745
1991-06-01,4.943056382,5.244513187,4.959978472,5.346449158,3.23,4.42886348223892,4.2726318275611,4.717824967,4.203834914
1991-07-01,4.74727399,5.248076891,4.735708693,5.34390024,3.1,4.29062682718484,4.201345827212521,4.214550052,4.435542166
1991-08-01,4.454717365,5.195105823,4.413788018,5.29195285,2.91,4.06268065320707,3.98727006029347,2.898370301,4.698363373
1991-09-01,4.497609646,5.119588065,4.465741661,5.205393976,2.9,4.055731845606879,4.091929869212629,1.504960666,4.42916885
1991-10-01,4.336425146,4.765196616,4.310597235,4.817330952,2.83,3.87822071549977,3.90609836868323,0.205544212,4.425957949
1991-11-01,4.369553829,4.674047156,4.370003221,4.745608697,2.97,3.8845351358549203,3.96257024160487,0.566988032,4.817803438
1991-12-01,4.356866103,4.632576921,4.366592403,4.71446042,3.0,3.84861288569547,3.7617204714365,0.590612708,4.185496166
1992-01-01,3.988187113,4.237512706,4.069913371,4.445747263,2.88,3.48414521716609,3.4426535644365197,0.15097457,3.497180985
1992-02-01,3.749960468,3.894551065,3.878184354,4.163214266,2.9,3.34858917251792,3.2956158718193,0.988820005,3.19545707
1992-03-01,3.851339963,4.034557629,3.990512759,4.332185452,2.99,3.42655699094629,3.30655310641215,1.787584816,3.438103312
1992-04-01,3.90155677,4.209143038,4.077543119,4.603002259,2.94,3.37282306854672,3.2275666249554504,1.543181859,3.053097875
1992-05-01,3.760670642,3.969054274,3.937860894,4.341717761,2.8,3.2600166450683,3.08935384231022,1.431466728,3.565284644
1992-06-01,3.695388587,3.7701467,3.875841001,4.117433092,2.8,3.3491308667377995,3.20443617258255,1.825997416,3.577099765
1992-07-01,3.585303479,3.685942841,3.785344226,4.074927358,2.82,3.23778889912818,2.9824953384122206,2.205768288,3.378489101
1992-08-01,3.446802816,3.428190396,3.644349796,3.784513638,2.75,3.1348579305361803,2.9011808709567704,2.501070535,3.117118022
1992-09-01,3.193932876,3.20169809,3.363566041,3.513001876,2.61,2.98611265477584,2.71805991746747,2.659875395,3.282172521
1992-10-01,3.4463085,3.543000004,3.654950596,3.94624992,2.64,3.1309521244151,2.83843967044204,2.910377176,3.377630072
1992-11-01,3.449742629,3.61743842,3.649402976,4.020574807,2.61,3.02736582499483,2.75459140908001,2.446947621,2.951554029
1992-12-01,3.30044226,3.557996415,3.497528562,3.977330867,2.5,2.8992943742643305,2.69030436299833,2.302491782,3.004306245
1993-01-01,3.352219515,3.59111082,3.547354737,4.002560042,2.5,2.94898430985799,2.83306529568936,2.993485596,3.287557155
1993-02-01,3.375068247,3.603843317,3.580667722,4.031632081,2.51,3.01300629648795,2.8086225865611802,2.997784101,3.662483702
1993-03-01,3.166172224,3.381893576,3.353160609,3.772410133,2.45,2.8882019294765895,2.6347984244713905,2.884627875,3.492129529
1993-04-01,3.238557629,3.279085655,3.422176699,3.623012199,2.52,3.0008118442737,2.7730683950681203,3.153134892,3.817329248
1993-05-01,3.346696979,3.476188834,3.551431283,3.878999787,2.57,3.00574436043199,2.7874850363143198,3.058260061,3.155592558
1993-06-01,3.381305587,3.571006844,3.583428873,3.983087543,2.53,2.8839659556022297,2.6434399646367797,2.226672443,2.781073629
1993-07-01,3.255889097,3.423617302,3.437046316,3.791908022,2.5,2.78368078304354,2.63590674638357,2.009372663,2.657774567
1993-08-01,3.335217463,3.583433268,3.522739086,3.981609066,2.49,2.8437929417367593,2.67032200679211,1.859685507,2.642833583
1993-09-01,3.443821211,3.668431355,3.656038681,4.106148292,2.53,2.85857506166534,2.7096560035239703,1.276113641,1.809232452
1993-10-01,3.252291756,3.506234947,3.433321443,3.89330059,2.49,2.81387442007233,2.70272402701208,1.858929083,1.715609006
1993-11-01,3.259568917,3.51627113,3.445125507,3.91185649,2.43,2.8336668169737202,2.7325201039438,1.718565757,1.926881602
1993-12-01,3.36629056,3.574356617,3.557822725,3.969689548,2.4,2.8903230841014396,2.81115283943196,1.539333786,1.629781365
1994-01-01,3.200947439,3.444955674,3.384372964,3.833698155,2.36,2.7582683554947103,2.7503985586765403,1.111081451,1.022895296
1994-02-01,3.224560573,3.294534323,3.424654259,3.674349265,2.35,2.7755925150898997,2.85934396446683,1.100814701,0.490537782
1994-03-01,3.363360549,3.398118913,3.578833286,3.797974737,2.41,2.82463876658241,2.89918706864893,1.035073177,0.66342934
1994-04-01,3.170573134,3.31700008,3.364064138,3.701972731,2.31,2.6385404706216202,2.7679673052976,0.736414105,0.445517429
1994-05-01,3.060097684,3.104992764,3.238103819,3.438798539,2.27,2.6396668201990696,2.7618367785733096,0.701895034,0.945100876
1994-06-01,3.028227608,3.150609951,3.207540833,3.504072458,2.34,2.7084014595781603,2.7907036530654,1.436800673,1.580747553
1994-07-01,3.056055923,3.161512984,3.245680943,3.529782281,2.35,2.79435584488128,2.82270909566329,2.090855713,1.480862221
1994-08-01,3.121133119,3.032314142,3.318864731,3.371862514,2.34,2.83126705648327,2.90506303606628,2.543941548,1.221270856
1994-09-01,3.079538638,2.953663222,3.267212367,3.266627155,2.32,2.8443006030788798,3.0227349175413,2.871123595,2.078538727
1994-10-01,2.999188096,2.77898171,3.178740091,3.056246571,2.26,2.7002111146140297,2.8994402785112596,1.923141057,2.012951907
1994-11-01,2.984578071,2.713233115,3.142092625,2.939279564,2.28,2.7103505172829903,2.9617864434446,2.029662055,1.613925044
1994-12-01,2.785434679,2.648777253,2.915659975,2.855262807,2.25,2.52664222081984,2.8271671000515495,2.475247957,1.718533221
1995-01-01,3.002662378,2.94383008,3.159681044,3.215963946,2.35,2.6973018988237296,2.9493717638166896,2.686224596,2.104528573
1995-02-01,2.995605991,3.05451878,3.139699974,3.329231313,2.29,2.6987359549248,2.9271386576245098,2.673500078,2.254145927
1995-03-01,3.062252995,3.139812347,3.184482491,3.378890907,2.25,2.7120585421385,3.01819957971152,2.459475679,2.191682477
1995-04-01,3.184097316,3.202427332,3.322916117,3.458447433,2.31,2.81665998658009,3.11350001758608,2.943748998,2.32899544
1995-05-01,3.234050813,3.214392418,3.367477772,3.45236246,2.27,2.8148136907941,3.16825665146303,2.938798883,1.872043213
1995-06-01,3.214124404,3.114314171,3.34707431,3.333695037,2.19,2.7157578689377404,3.1015726954991605,2.744853332,1.427003972
1995-07-01,3.274842995,3.128278899,3.402097044,3.327014277,2.16,2.6874699584954302,3.1823076312471197,1.918513478,1.232962687
1995-08-01,3.158840535,3.165094941,3.255560049,3.341919129,2.21,2.65378438429988,3.13431158070734,1.388972557,1.693931935
1995-09-01,3.250276745,3.248818361,3.368207809,3.462535087,2.23,2.67365699338136,3.09414032864141,1.146275259,1.414679832
1995-10-01,3.363775376,3.401144354,3.479287466,3.619018684,2.32,2.80960947871913,3.17836859128231,1.502992603,1.449600886
1995-11-01,3.273164714,3.284880699,3.394879542,3.508459799,2.27,2.69725069811504,3.0353812018901096,1.152205203,1.519405692
1995-12-01,3.268078946,3.112527668,3.397750888,3.313826743,2.31,2.85047594173415,3.15034555807634,1.075571067,1.547606375
1996-01-01,3.178719964,2.952153464,3.294296705,3.112474382,2.25,2.8553973005506896,3.11642205374787,1.869456236,1.595895377
1996-02-01,3.180150214,3.007709739,3.278044833,3.147715249,2.25,2.82246652369775,3.05646943188864,1.828397428,1.500715659
1996-03-01,3.054600698,2.843757123,3.15123296,2.973113165,2.26,2.82790390331298,3.04365265710134,2.483275502,1.570443541
1996-04-01,2.951186119,2.74291247,3.021419042,2.825029276,2.22,2.78093066636365,3.00004139768875,2.710594812,1.037274059
1996-05-01,2.99526099,2.874604284,3.065009249,2.974947591,2.25,2.78944128798002,2.9483728920626495,2.692334335,0.981080604
1996-06-01,3.004889649,2.936445726,3.066510398,3.03337667,2.29,2.80934876438714,2.98290369318124,2.379021338,0.858458233
1996-07-01,3.051380889,2.883032678,3.103134864,2.940379122,2.32,2.86978846035189,2.9965252806174503,2.671374749,0.946439529
1996-08-01,3.037152699,2.881062484,3.096243134,2.954373851,2.31,2.79991566939539,2.9446170383323502,2.478400577,0.408734407
1996-09-01,3.039402299,2.952505322,3.076709572,3.001260615,2.36,2.8284279566659802,2.9335595316664302,3.065795598,0.775981223
1996-10-01,2.953140808,2.880326868,2.957328624,2.87204749,2.34,2.81140516184704,2.9048451242783795,3.252400564,0.712802032
1996-11-01,2.998834802,2.963231908,2.99348831,2.94568016,2.39,2.9023363121783103,2.97369153634952,3.943625504,0.807259728
1996-12-01,3.078266373,3.192336113,3.066760867,3.195905757,2.38,2.87132670925798,2.9418990257354904,3.986256129,0.647969724
1997-01-01,2.953415051,2.948338857,2.924852958,2.895185483,2.35,2.7755506898844,2.87972914368981,3.402323554,0.583957563
1997-02-01,2.850478556,2.690282395,2.815492049,2.592152721,2.36,2.7370977290361203,2.8566412861876804,3.506257572,0.904633663
1997-03-01,2.896853207,2.832546662,2.868448161,2.766958911,2.31,2.63080403687332,2.8435502381692004,2.425418166,0.451199147
1997-04-01,2.932535305,2.841956506,2.924881516,2.808384624,2.31,2.57929087876596,2.83144586979973,1.434555461,1.103670337
1997-05-01,2.877985963,2.752795076,2.883239208,2.735186996,2.22,2.50080546586666,2.80626160028015,0.872944274,0.96673631
1997-06-01,2.835803434,2.651139596,2.841507556,2.62154572,2.22,2.5202439510900296,2.80519464325473,1.098896565,0.653919057
1997-07-01,2.768735207,2.669566558,2.764311367,2.639952339,2.13,2.44405622047987,2.70753936005701,0.893270972,0.690339844
1997-08-01,2.681189089,2.44339859,2.668660701,2.369091309,2.06,2.38004894388903,2.7070473058075297,1.42019565,0.679789385
1997-09-01,2.578046769,2.262642897,2.558893145,2.159686496,2.05,2.31632922386815,2.6572699586324,1.444072107,0.465912889
1997-10-01,2.621910754,2.307575409,2.633884037,2.261217479,1.9,2.26111840674292,2.62391355715657,1.029804205,0.499804267
1997-11-01,2.552678937,2.172780211,2.564888202,2.112656709,1.8,2.1600447662899303,2.5585244189872998,0.502891983,0.302081215
1997-12-01,2.620230263,2.117392333,2.636585632,2.038263976,1.73,2.12598649126776,2.63087120732515,-0.248154016,0.360548423
1998-01-01,2.658705279,2.257622177,2.686312997,2.22116412,1.66,2.0538442703239297,2.58056352730482,-0.673496606,0.282033222
1998-02-01,2.674784096,2.341487331,2.70235568,2.319800807,1.61,2.0016923183576103,2.6245369212792595,-1.239432899,0.280553095
1998-03-01,2.652317533,2.217367179,2.682792941,2.179793439,1.65,2.06373286571149,2.58206114483857,-1.154967547,0.144647361
1998-04-01,2.627904714,2.179599426,2.650550927,2.125562858,1.63,2.06831823593718,2.5226991021539,-0.93169667,0.015079513
1998-05-01,2.612687688,2.153399984,2.621199946,2.071958539,1.71,2.10663113165772,2.55611049268418,-0.15423283,0.31828703
1998-06-01,2.596711539,2.07667144,2.610692088,1.993407301,1.64,2.04488270723149,2.60811220170214,-0.28406739,0.680349616
1998-07-01,2.589534761,2.056649259,2.613395599,1.989129972,1.69,2.06057021395889,2.70719925599299,0.007308244,0.933188502
1998-08-01,2.619592272,2.109942794,2.643666793,2.048850877,1.75,2.14741370159786,2.79513358092132,-0.291119891,1.796903738
1998-09-01,2.597861759,2.063086005,2.603431515,1.96334397,1.7,2.0324181808445,2.8479731464638998,-0.892291334,1.612646885
1998-10-01,2.535457711,1.927012612,2.54435291,1.818572599,1.77,2.00920209357822,2.91924503198049,-0.721984362,1.340736465
1998-11-01,2.520813404,1.942709373,2.531446927,1.844425937,1.78,2.0091002518419296,2.8761458868573397,-0.607407109,1.566577245
1998-12-01,2.44488028,1.88469991,2.446189532,1.773549128,1.81,1.97406240797591,2.78629412937257,0.157840445,2.767634939
1999-01-01,2.4087818,1.861945,2.3907588,1.7181243,1.85,1.9317068889366698,2.7130304100867497,0.45498132,2.7085341
1999-02-01,2.3506789,1.8011382,2.3238316,1.6405057,1.8,1.8619811427014599,2.6185111095227405,0.48697347,1.8118606
1999-03-01,2.2822686,1.7565686,2.2464619,1.5843154,1.72,1.7630548272054198,2.56825738696629,0.92726359,1.7380889
1999-04-01,2.274017,1.7752419,2.2358613,1.6040989,1.77,1.8649519792943001,2.60172414970901,2.663482,2.4479878
1999-05-01,2.1969196,1.6776047,2.1625267,1.5091399,1.73,1.77142954411726,2.49132332967625,2.1415039,2.0898924
1999-06-01,2.1155256,1.6158932,2.0812547,1.4515877,1.76,1.7380975079437602,2.32915756513823,2.0383518,2.1436676
1999-07-01,2.1609086,1.7380637,2.1244533,1.5852,1.79,1.72306883096971,2.26107353615534,2.5284957,2.2763306
1999-08-01,2.152055,1.7735013,2.1074137,1.6143607,1.75,1.69079007083652,2.1774202712137,2.9184458,1.4506901
1999-09-01,2.1076373,1.7288354,2.0832919,1.6068148,1.8,1.86951332876073,2.12065509434765,4.2200283,2.5378109
1999-10-01,2.0959672,1.8217176,2.0639533,1.7067772,1.81,1.8161284035721699,1.9843196336651698,4.1817752,2.8011339
1999-11-01,2.1876394,1.9166506,2.1623251,1.8147011,1.84,1.81104598501995,1.98388189313845,3.9927961,2.4154763
1999-12-01,2.2011939,1.9696859,2.1818508,1.8867598,1.88,1.85884091893502,2.03446420694149,4.0495131,1.1906143
2000-01-01,2.3504356,2.0206612,2.350195,1.952939,2.0,2.03119416030213,2.2252893157050497,4.1848808,1.1535969
2000-02-01,2.3919678,2.0340143,2.3950909,1.9666339,2.12,2.19320621836976,2.31239282184317,5.4863714,1.6819927
2000-03-01,2.4859336,2.1770809,2.4989589,2.137968,2.24,2.4157868578869706,2.44325573209452,7.0016941,2.5496684
2000-04-01,2.4108773,2.0600839,2.4247194,2.0139276,2.18,2.26982631693229,2.41001442948521,4.8829035,2.0312508
2000-05-01,2.5473184,2.2549422,2.5736327,2.2437772,2.22,2.39312457357055,2.5050390407484104,4.878859,2.0084318
2000-06-01,2.6938463,2.4228436,2.7153642,2.4072049,2.27,2.55656213525144,2.66902984290962,6.4088047,1.9151595
2000-07-01,2.7043448,2.4117576,2.7240005,2.3882381,2.3,2.64798487412865,2.7557475315311404,6.1265233,1.7078173
2000-08-01,2.844609,2.6014072,2.8853852,2.6270113,2.32,2.66642783833839,2.79865700183524,4.9150951,1.6868814
2000-09-01,2.8755604,2.5943559,2.908796,2.5981839,2.39,2.66796382440657,2.8476945374392004,5.1581689,1.1655822
2000-10-01,2.8951252,2.5105651,2.9310365,2.4981814,2.42,2.71677110823871,2.93221982266634,4.9612265,0.86049457
2000-11-01,2.8381875,2.4468697,2.8816134,2.4470767,2.45,2.72497531777007,2.9710889290945,5.3049984,1.6103388
2000-12-01,2.9305429,2.4980984,2.9838403,2.5081538,2.5,2.83286430831757,3.02895821063807,4.9897957,1.1787494
2001-01-01,2.8561438,2.5076079,2.8896431,2.4982148,2.52,2.87900857230077,3.04751700995902,6.028456,1.5997175
2001-02-01,2.9443798,2.6067508,2.9893325,2.6207861,2.54,2.8668967341172404,3.0517939932702003,5.2125233,1.8970432
2001-03-01,2.9342928,2.4690047,2.9711853,2.4419991,2.5,2.7661917109329996,3.0164638416414498,3.3889051,1.4340167
2001-04-01,3.062486,2.5878494,3.1007641,2.5615037,2.59,2.83382981433133,3.0890160128058897,3.9025583,0.88180894
2001-05-01,3.0591613,2.4651633,3.0843327,2.3902232,2.59,2.86676196334623,3.1429493001186697,5.13388,0.55745809
2001-06-01,3.1834572,2.6223397,3.2118098,2.5600538,2.67,2.85198963276856,3.1745017701843703,3.6759843,0.85952801
2001-07-01,3.1873481,2.5899913,3.2190557,2.5264214,2.63,2.7437671522860403,3.09089790146286,2.1759366,0.83752466
2001-08-01,3.2358771,2.5747134,3.2635089,2.4906255,2.65,2.7178249986157,3.16821873349227,2.1534671,0.44959837
2001-09-01,3.3563551,2.7439425,3.3990087,2.697604,2.53,2.6419098425332703,3.14431304642566,1.5195618,-0.22775967
2001-10-01,3.4508186,2.8341175,3.4934371,2.7868409,2.5,2.61383537124078,3.26761607327961,0.07691066,-0.53018207
2001-11-01,3.5617818,2.9206981,3.6122717,2.8832531,2.47,2.68052487993957,3.3337282264703303,-0.80778808,-0.39038607
2001-12-01,3.5136536,2.7932568,3.5754587,2.7590063,2.37,2.5620432863886298,3.2650215878350597,-1.5767934,-0.06682089
2002-01-01,3.4978798,2.7508631,3.5684398,2.7265556,2.24,2.3719013534177202,3.15566722108198,-2.8096592,-0.88772556
2002-02-01,3.4836509,2.7349978,3.5387817,2.6807528,2.23,2.3068325545946697,3.20125876978443,-2.9321681,-0.96730397
2002-03-01,3.4076534,2.6627057,3.480145,2.6399867,2.22,2.26507670855245,3.19127280184617,-2.0412535,-1.4601857
2002-04-01,3.3894009,2.664497,3.4775061,2.6745671,2.17,2.30876257834496,3.1521611528076297,-1.1523263,-0.94130743
2002-05-01,3.3758193,2.784966,3.4632677,2.821741,2.11,2.19764555929409,3.0619557696113,-2.5001805,-0.86416981
2002-06-01,3.1868513,2.5325068,3.2512149,2.5115836,2.01,2.02038402763816,2.97701012247387,-2.6080173,-1.1926248
2002-07-01,3.1936793,2.5606664,3.2740984,2.5741237,2.03,2.07946185679504,2.96108065475365,-1.4686731,-1.5484488
2002-08-01,3.0730886,2.520369,3.1567969,2.5571563,2.0,2.12552108449686,2.83461652127581,-0.45351918,-0.35845443
2002-09-01,2.9595389,2.3579966,3.0374651,2.3722935,2.07,2.09269827439162,2.82921975685193,-1.0242698,-0.3379724
2002-10-01,2.8766237,2.3478244,2.9477485,2.3643484,2.08,2.11940687398695,2.67411842745859,0.6754092,-0.31819559
2002-11-01,2.7732559,2.2798416,2.8341831,2.2843782,2.06,2.07162429310397,2.54651613987025,1.4763514,-0.96458885
2002-12-01,2.7502223,2.3399213,2.8018315,2.345607,2.1,2.0621462462072597,2.59121729143592,2.0579812,-1.0849192
2003-01-01,2.7060319,2.2681039,2.7875531,2.3242041,2.08,2.09751162387939,2.54282215153498,3.1576972,-0.94444646
2003-02-01,2.6347765,2.2650414,2.7046594,2.3143897,2.01,2.14134573211651,2.42573574570319,4.494314,-1.3959742
2003-03-01,2.5812321,2.2929179,2.6277872,2.3165034,1.99,2.05660948574584,2.2796939775217004,4.2050192,-1.4488972
2003-04-01,2.4271526,2.1830243,2.4593491,2.1894234,1.84,1.80898750478848,2.10173080025777,1.8052307,-2.0897582
2003-05-01,2.3265512,2.0602515,2.3483407,2.0420309,1.82,1.7400703157378,1.9893673520697799,1.1947219,-1.2679928
2003-06-01,2.2477974,2.1038984,2.27155,2.1167925,1.74,1.7637554567986797,1.8742750831973702,1.5300327,-1.3190644
2003-07-01,2.2218166,2.0931821,2.237208,2.0937006,1.77,1.7698480542024402,1.9095804596669999,1.9136831,-1.075394
2003-08-01,2.1540704,1.977911,2.1655338,1.9604023,1.8,1.72323842131346,1.9155309528492002,2.640021,-1.8714065
2003-09-01,2.1676604,2.0608353,2.1842475,2.0685488,1.75,1.7274026068534698,1.8578433352946397,3.2509228,-2.350809
2003-10-01,2.1482103,2.0286212,2.1611133,2.026487,1.73,1.6698238162810901,1.83973700209099,2.298003,-1.8698577
2003-11-01,2.0524895,1.9003318,2.0365931,1.8362674,1.74,1.5331292243852,1.7791972009376,2.1206872,-2.1652895
2003-12-01,2.0144136,1.9422524,1.976213,1.8532315,1.74,1.62042275224632,1.6787151630667498,2.6132628,-1.9810141
2004-01-01,2.0355379,2.0785931,1.9607229,1.9454074,1.81,1.61007574582319,1.6819224376923,2.3714843,-1.7508829
2004-02-01,2.1035138,2.1593302,2.0481367,2.0656569,1.88,1.6460761643179098,1.75944027023476,1.2691454,-1.7528168
2004-03-01,2.1842462,2.2486572,2.1370611,2.1725437,1.88,1.7581971229874798,1.89332226031762,1.2789605,-0.50567987
2004-04-01,2.3157634,2.3099385,2.2577613,2.1974355,2.12,1.94982524900431,2.05947464498126,2.4736611,0.01488914
2004-05-01,2.2997495,2.2479033,2.2378638,2.1172465,2.21,2.12858488202603,2.2379603243700497,4.6600039,-0.19690497
2004-06-01,2.4233653,2.3186277,2.3794884,2.2105082,2.33,2.25406626020712,2.3719513227286897,5.1660657,-0.20878485
2004-07-01,2.3371421,2.2031498,2.2638524,2.0317056,2.26,2.14836686573465,2.29687303294386,4.6170573,-0.32640727
2004-08-01,2.3497585,2.1857679,2.2577292,1.9713563,2.2,2.07596785630408,2.33973396596336,3.3286556,-0.52792314
2004-09-01,2.3489764,2.2403807,2.240201,2.0061317,2.19,2.1192810124481802,2.35012456668262,3.171717,0.89450151
2004-10-01,2.3445623,2.3109776,2.2372194,2.0959225,2.21,2.2383136279158,2.3971754011020296,5.2667753,1.2100347
2004-11-01,2.3870582,2.4305836,2.3012131,2.2736827,2.25,2.44002798768903,2.42191071178615,6.5564376,1.8725912
2004-12-01,2.3864027,2.3455379,2.3138859,2.1956661,2.27,2.36460149092617,2.43166726626507,5.8059012,1.9011225
2005-01-01,2.3987315,2.3078221,2.3158903,2.1267711,2.37,2.39137646459249,2.5314782662470896,4.2725119,2.1011458
2005-02-01,2.3735664,2.2059684,2.2862449,1.9991334,2.38,2.39495182846814,2.56391329288612,4.8636798,2.6562677
2005-03-01,2.3331537,2.1641221,2.2461526,1.9575764,2.39,2.39750668273628,2.4939989764779305,5.3590387,2.8801662
2005-04-01,2.3204471,2.2662963,2.2397223,2.0974889,2.29,2.49890330524152,2.4571167648397996,6.1234433,2.1764589
2005-05-01,2.4242376,2.4393861,2.3579552,2.3140554,2.25,2.41272621768325,2.45305993747054,4.1584291,1.6569432
2005-06-01,2.2935552,2.2743242,2.1993552,2.0870449,2.18,2.25874747507984,2.3611709796362796,3.3666357,1.6645601
2005-07-01,2.3653537,2.3612622,2.3010794,2.2354087,2.25,2.3979597790767997,2.46597867541143,5.0592403,1.5450524
2005-08-01,2.3301306,2.3490282,2.2644059,2.2254663,2.28,2.45524335554537,2.41177929808494,7.0542421,1.8769729
2005-09-01,2.3862565,2.4030872,2.3340762,2.3053856,2.4,2.5960396770739798,2.56738460231694,10.947795,0.67752178
2005-10-01,2.3816722,2.3527325,2.3253024,2.2366426,2.45,2.5657423949812403,2.6230900173012097,9.6710428,1.1943122
2005-11-01,2.4859772,2.4493744,2.4316658,2.3355813,2.46,2.57566654110259,2.7367392678155698,6.6545504,1.1064415
2005-12-01,2.5169183,2.5031165,2.4690335,2.4069276,2.44,2.53511033268652,2.76103914380823,6.4235505,1.0883958
2006-01-01,2.4957249,2.4512031,2.4510191,2.3543218,2.39,2.6479891565002203,2.71643248503701,8.8745183,1.1426687
2006-02-01,2.5420473,2.503952,2.4992554,2.4122807,2.34,2.5304275203466,2.61378904003158,7.5874648,0.87634148
2006-03-01,2.6203838,2.5288946,2.581219,2.4323413,2.38,2.51610173827317,2.7127076288862,6.7345233,0.54008128
2006-04-01,2.7080343,2.515711,2.6806926,2.4194968,2.48,2.48267204856021,2.77875058626094,7.2838611,1.1581358
2006-05-01,2.8175496,2.5321644,2.7839595,2.4029982,2.61,2.57299986037187,2.8712471029812097,8.2216999,1.3911718
2006-06-01,3.0394806,2.6885472,3.0344298,2.6000353,2.78,2.73770077062541,3.0031770446692096,8.3764725,1.4794723
2006-07-01,3.094944,2.6821729,3.0939988,2.5878122,2.8,2.74364435112382,3.0052833661114104,8.0017102,1.4022617
2006-08-01,3.204878,2.7403274,3.2251144,2.6753967,2.86,2.8694074691952802,3.2046142955134904,6.9260612,1.6353475
2006-09-01,3.1840443,2.6257119,3.212012,2.5547463,2.78,2.70609144860512,3.04464767618442,0.98356688,2.0625428
2006-10-01,3.2560625,2.6097727,3.2911246,2.532683,2.7,2.6322944929958703,3.07112985841596,-1.0253336,1.1508692
2006-11-01,3.1271153,2.3328772,3.1482614,2.1955614,2.57,2.46543552767371,3.08680132297525,0.50322492,0.67812917
2006-12-01,3.1148317,2.2355458,3.1241583,2.0562536,2.67,2.56552902522662,3.1304616406014705,2.3172983,0.80301793
2007-01-01,3.1522756,2.3033941,3.1457342,2.0997638,2.71,2.5161394805099304,3.1371492549126,0.68384458,0.78721615
2007-02-01,3.1700287,2.333475,3.161558,2.1286523,2.82,2.72798712281952,3.3350300669366497,1.7347519,1.0316602
2007-03-01,3.1190543,2.3022913,3.1090014,2.0988121,2.77,2.7914584457163296,3.3020876209185697,3.0110016,0.23556111
2007-04-01,3.0062887,2.2491957,2.9667028,2.001812,2.66,2.7403937584920697,3.2585871163577793,2.474231,0.15560526
2007-05-01,2.8293126,2.1863632,2.783324,1.951956,2.51,2.6679521069837002,3.0975827415310198,3.2666355,0.20261135
2007-06-01,2.7009751,2.1495934,2.6305791,1.8880237,2.41,2.63896721387857,3.1032587999717998,3.5261567,0.31154377
2007-07-01,2.6400399,2.1739061,2.5346411,1.8631887,2.35,2.5733472984642995,3.0844175744357596,2.364213,0.66411112
2007-08-01,2.5998347,2.1652581,2.4685402,1.8108157,2.3,2.4261594671247004,2.88216599519637,1.2527509,0.51980764
2007-09-01,2.6453727,2.2757114,2.4838823,1.8767547,2.38,2.5305481636620297,3.01540340619115,3.6868966,0.5551507
2007-10-01,2.6564271,2.373422,2.5033248,2.0100293,2.46,2.7005224627991895,2.9974911018066903,6.0078016,0.723737
2007-11-01,2.798439,2.6166671,2.6563697,2.297182,2.66,2.9171159925977896,3.03496113536683,8.1766142,1.1327801
2007-12-01,2.8407389,2.7136523,2.7127336,2.4336985,2.63,2.94207109721778,3.05642666916772,7.214764,1.3295267
2008-01-01,2.8615973,2.8055044,2.7470404,2.5681932,2.56,3.0061438062553196,3.0830122716651203,7.7185598,1.4104099
2008-02-01,2.7488494,2.7068559,2.6165653,2.4378288,2.44,2.90131921129673,2.9513586850234104,7.4655279,0.98870555
2008-03-01,2.8270983,2.890972,2.6887664,2.6342511,2.48,2.95151412535626,2.9807172143976803,6.7154255,1.2061672
2008-04-01,2.8589686,2.9090846,2.7251103,2.6579474,2.5,2.96507716282703,2.97003836832606,6.3796261,0.54408853
2008-05-01,2.9326009,3.0410332,2.7937419,2.7938519,2.55,3.09414368478476,2.97919523076877,6.8031625,0.4097791
2008-06-01,3.0724734,3.250108,2.9376962,3.0269498,2.6,3.2909422366615098,3.04425797189236,9.4662244,0.18018678
2008-07-01,3.1567105,3.415167,3.0142542,3.1960055,2.69,3.62989341490585,3.14070966062781,11.107951,0.21726066
2008-08-01,3.2130463,3.5825646,3.0845059,3.416518,2.63,3.61995867158584,3.20404764817441,10.432893,0.09928348
2008-09-01,3.216438,3.6072557,3.0766785,3.4242408,2.57,3.5545520599102205,3.1599894269239504,9.2895498,-0.21850332
2008-10-01,3.1100906,3.4920114,2.9291949,3.2260968,2.44,3.25606891484582,3.05695475383188,6.0424334,-0.75455615
2008-11-01,2.9943854,3.3428384,2.7864624,3.0154979,2.35,2.97730671516361,2.92833535288126,-0.46746064,-1.2485294
2008-12-01,2.87277,3.2781881,2.6304305,2.8961922,2.21,2.76003051249354,2.70760130158023,-3.2677572,-1.9357852
2009-01-01,2.7854207,3.1113899,2.5522481,2.7291644,2.22,2.60432884731781,2.63439355727937,-3.3527502,-2.066926
2009-02-01,2.7761062,3.1253507,2.5594949,2.7812632,2.22,2.5523237411261896,2.57484137734063,-2.8853435,-1.3756681
2009-03-01,2.6637115,2.9180027,2.4535819,2.5646581,2.14,2.2833038081626804,2.48044173259006,-4.0274196,-0.94284166
2009-04-01,2.5891659,2.8481684,2.3761457,2.490232,2.08,2.14336600057994,2.4486598114032296,-4.2372439,0.22555404
2009-05-01,2.4783283,2.6208261,2.2888288,2.2821073,1.99,1.88608637870145,2.350743451155,-5.3398971,0.1108957
2009-06-01,2.2616096,2.4153288,2.0898948,2.1143373,1.86,1.6041885088007302,2.0764117636638897,-5.1462847,0.21488522
2009-07-01,2.0590105,2.2078718,1.9228669,1.9757469,1.62,1.0633509447995,1.75487969957309,-6.9528256,-0.06048281
2009-08-01,1.9022783,2.0160997,1.7701932,1.783855,1.6,1.05709306402513,1.6459499078894197,-5.219457,0.14585652
2009-09-01,1.7247611,1.9717921,1.6158958,1.8165635,1.48,0.974205907814918,1.45851562123267,-4.5548421,1.0787157
2009-10-01,1.6025574,1.917573,1.5209969,1.8321642,1.5,1.1282769899953402,1.3744678667916297,-1.1613208,2.7484414
2009-11-01,1.452156,1.9404773,1.3714917,1.8983092,1.38,1.19772711936521,1.2560086542785702,4.3827017,3.4182175
2009-12-01,1.3811075,1.8819213,1.3248615,1.8900592,1.36,1.22676268222548,1.26418766745682,7.1028417,4.4097104
2010-01-01,1.2225891,1.8105965,1.1770019,1.8584163,1.2,1.12721856963005,1.12105078444495,7.3396219,4.3229021
2010-02-01,1.0912075,1.6975454,1.0548474,1.7668624,1.08,0.9498500372321809,0.9335097442925819,5.9926413,3.9586586
2010-03-01,0.96655014,1.6785991,0.93183853,1.7742046,1.0,0.929363875350253,0.7505836204389829,6.6953339,3.3607883
2010-04-01,0.89983653,1.6759002,0.87602978,1.8067822,0.93,0.8961820053560609,0.6337415100528879,6.5328291,2.4433392
2010-05-01,0.83746334,1.6473005,0.7998678,1.7587608,0.88,0.838007086735226,0.549068462151725,5.8455938,2.6126809
2010-06-01,0.82548421,1.5965995,0.78483473,1.6919614,0.81,0.758849100239356,0.591292665526266,2.3059055,2.7753228
2010-07-01,0.78714627,1.4828783,0.74959322,1.5656598,0.85,0.8713058749091558,0.63359692772289,3.1776674,2.9641342
2010-08-01,0.75048235,1.4685907,0.69562861,1.5215384,0.85,0.832014158571903,0.5344250397888,2.6047344,2.9922629
2010-09-01,0.73610008,1.3222349,0.6676136,1.3166357,0.88,0.832316242760323,0.585909863925416,2.5441573,2.5623207
2010-10-01,0.74137255,1.2654004,0.67526624,1.2494543,0.8,0.749164032008509,0.5805840711646361,2.7701,1.3519914
2010-11-01,0.86409736,1.2990638,0.82600201,1.3163845,0.85,0.7789545863525319,0.647240401831506,2.239952,1.0751976
2010-12-01,0.87637902,1.2475815,0.83710132,1.2491603,0.89,0.8519777714381729,0.724769465205566,3.4072698,0.85745153
2011-01-01,1.0033789,1.3385152,0.96003713,1.3245995,1.0,1.03493269268415,0.856634338083428,3.5172647,1.1578144
2011-02-01,1.1657638,1.5015097,1.1238816,1.4905749,1.16,1.295177958984,1.0993775042346101,4.5864437,1.1576684
2011-03-01,1.2498888,1.5402878,1.1861014,1.4773291,1.29,1.5119333367308998,1.26933579705046,6.1652792,1.3641261
2011-04-01,1.2986964,1.5501914,1.21555,1.4416184,1.42,1.6837664609853402,1.4190466655756202,7.7308095,1.8612675
2011-05-01,1.3491834,1.5886583,1.2613949,1.4686026,1.56,1.9819303199243101,1.5885804036075601,8.9962356,2.4827691
2011-06-01,1.3969052,1.6034506,1.2990532,1.4570161,1.62,2.0865944981283397,1.6437563061091598,9.0620543,3.1208803
2011-07-01,1.5213769,1.6941055,1.4236275,1.5408113,1.7,2.19364475653359,1.8027046279778,8.9848593,3.5472722
2011-08-01,1.7420101,1.9145566,1.6569751,1.7859933,1.79,2.39500268534771,2.03195355644699,9.0324826,3.7325858
2011-09-01,1.7973795,1.9480531,1.7268145,1.8430012,1.84,2.4680021728316497,2.11164122698937,9.0844607,3.509621
2011-10-01,1.9065985,2.0162057,1.8413647,1.9128705,1.93,2.5220926925305895,2.18674569870403,7.7462428,3.6882899
2011-11-01,1.9177675,2.0109119,1.8407168,1.8812137,1.99,2.5803188113259,2.23107699258804,7.4589485,3.9056945
2011-12-01,2.1132117,2.2734823,2.0478499,2.179963,2.06,2.5982676628556,2.3131351970716403,5.6117722,3.6687066
2012-01-01,2.1984213,2.3757476,2.1159285,2.2521691,2.09,2.6041545255199905,2.38991945748512,5.1977636,3.2695965
2012-02-01,2.1068579,2.2120336,2.0181912,2.0618819,2.02,2.4280994542809102,2.29546557179845,5.0413936,3.0299303
2012-03-01,2.1917819,2.2663196,2.1247577,2.1516291,2.02,2.39365192963892,2.35194124065974,3.6864192,3.0471432
2012-04-01,2.2433121,2.2526052,2.1937928,2.1587029,1.99,2.34165525404284,2.35493665242466,2.4451296,3.1479445
2012-05-01,2.2414846,2.234176,2.1896843,2.1327403,1.92,2.11126731015219,2.30697834368663,0.63812271,2.7925606
2012-06-01,2.2899613,2.3522236,2.2407468,2.2697862,1.9,2.1129526643284,2.30658815205833,0.24636893,2.1066223
2012-07-01,2.3098703,2.4184502,2.2616531,2.3472245,1.84,1.9858512442251202,2.2688197785112103,-0.59564582,1.4207187
2012-08-01,2.2152473,2.2656318,2.1718632,2.1916407,1.79,1.89806339653602,2.20632181111546,0.65009747,0.79619101
2012-09-01,2.2597788,2.2831531,2.2199385,2.2106982,1.79,1.87425469753899,2.18923937170965,1.4733803,0.98549609
2012-10-01,2.2377123,2.2355631,2.2070705,2.176109,1.78,1.9424544185971697,2.17694303511102,2.2014825,0.97864355
2012-11-01,2.2194376,2.1957152,2.1959869,2.1459314,1.7,1.89174121127029,2.1957465676501102,1.1337077,0.75523799
2012-12-01,2.1401464,2.0753701,2.1097305,2.0040636,1.62,1.85122744221062,2.14706382940519,1.1947621,0.83827303
2013-01-01,2.0760846,1.9695041,2.0682971,1.933392,1.58,1.76404405181771,2.1093511141707,1.1151968,1.2005159
2013-02-01,2.1440483,2.0300899,2.146017,2.0112535,1.62,1.87147785417068,2.17331316432439,2.1049326,1.2498571
2013-03-01,2.1062838,1.9895309,2.0999025,1.9541024,1.57,1.74723110178752,2.07259954816412,0.51334483,0.75829068
2013-04-01,1.9658654,1.7761625,1.9354319,1.6797693,1.43,1.64408963568665,2.0562650224468,-0.43714832,0.48273371
2013-05-01,1.9322544,1.6613105,1.907797,1.5601237,1.41,1.63909793822599,2.07499818827139,0.49439244,0.22737235
2013-06-01,1.8939378,1.5216976,1.8766189,1.4140614,1.51,1.6421221577132699,2.09294000404621,1.6804553,0.24628415
2013-07-01,1.8869455,1.5264407,1.867879,1.417874,1.56,1.7215190275702101,2.08622770856848,2.2841676,0.80598674
2013-08-01,1.9216768,1.5427318,1.9142202,1.4527728,1.55,1.73334253569715,2.06328881129316,0.90310943,1.0492371
2013-09-01,1.8869765,1.5075335,1.8904211,1.43841,1.54,1.6936059086875501,2.0587606476130103,-0.54353826,1.0068848
2013-10-01,1.8732468,1.4885409,1.8687356,1.4030718,1.55,1.5879094861540202,1.9991863310769902,-1.2356456,0.65669644
2013-11-01,1.9056004,1.4857829,1.8930866,1.3778539,1.62,1.6070236607508899,2.0434944630834098,-0.22690915,0.89101397
2013-12-01,1.8852549,1.3641427,1.8711904,1.2332332,1.68,1.68110424400181,2.13113033215575,0.70195566,1.0277977
2014-01-01,1.8315635,1.2327037,1.8218145,1.0947187,1.64,1.73337002785521,2.10329807357261,1.0444611,0.37833335
2014-02-01,1.8101115,1.1998155,1.7891863,1.0382456,1.59,1.6605482714508601,2.09493025665373,-0.39252823,0.2573364
2014-03-01,1.8456695,1.1930687,1.8208567,1.0157462,1.62,1.7839353732686898,2.23207101360501,1.158743,0.70073071
2014-04-01,2.0228819,1.468726,2.0251612,1.3628865,1.77,1.93495715996603,2.2425838019211497,2.1211156,0.72542762
2014-05-01,2.1183686,1.6184119,2.1282345,1.5379903,1.82,2.05975031743488,2.2916953749778197,2.416938,0.99896288
2014-06-01,2.1339067,1.6432551,2.1433409,1.5639172,1.78,2.0114493033058602,2.22251068971686,1.997926,0.7665968
2014-07-01,2.1035862,1.5102009,2.1008094,1.3870386,1.8,2.04004698454106,2.25599757836052,1.7750846,0.5057532
2014-08-01,1.9908637,1.3484116,1.9625042,1.1664132,1.74,1.89752726851695,2.2228793266838798,1.1519906,0.52446313
2014-09-01,2.0014988,1.3329649,1.954047,1.1091534,1.75,1.88433860248276,2.19811951476134,1.0112811,0.60782357
2014-10-01,2.0535463,1.4173807,2.0060187,1.1998274,1.73,1.92635008776387,2.30402746109264,0.62709486,0.84040858
2014-11-01,2.0682839,1.4336909,2.0043657,1.1848901,1.7,1.8518572810831002,2.27496795107918,-0.6505233,0.28445607
2014-12-01,2.0417165,1.4548092,1.9711259,1.2023466,1.67,1.7935604052290401,2.23666457742531,-2.3701529,-0.26275953
2015-01-01,2.0592479,1.4508533,1.985653,1.1882748,1.57,1.6411794867712,2.1984162416814197,-5.1093248,-0.27625929
2015-02-01,2.0579543,1.3958821,1.9819969,1.1177876,1.62,1.6610268501476397,2.1653786791682403,-4.63736,0.1109105
2015-03-01,2.0629211,1.4056617,1.9991371,1.1517328,1.62,1.65241597418437,2.13008080113339,-4.4111105,0.39862254
2015-04-01,2.11742,1.4698241,2.0631236,1.23598,1.62,1.62133935702187,2.1921311676852198,-4.8675105,0.43297279
2015-05-01,2.1282903,1.4875664,2.0668869,1.2412999,1.6,1.5699173460369298,2.18844854833533,-4.3037044,0.03115954
2015-06-01,2.1687246,1.4674452,2.1147326,1.2233164,1.62,1.6597385103825,2.32702817981487,-3.8822999,-0.04791418
2015-07-01,2.1721011,1.4433265,2.1414477,1.2384797,1.59,1.6340595895840901,2.2867317390906403,-3.7284843,0.18886356
2015-08-01,2.1976946,1.4648908,2.1802398,1.2842853,1.62,1.6740451643544998,2.2770136700090498,-3.7591912,0.11655964
2015-09-01,2.3055499,1.6072152,2.279431,1.4164765,1.61,1.7576912137389198,2.36547224995431,-4.7781345,-0.1311385
2015-10-01,2.3713747,1.7092955,2.3462109,1.5276346,1.56,1.75506848809257,2.35332251353317,-4.5829763,-0.45308722
2015-11-01,2.4002477,1.7859224,2.4052606,1.671921,1.52,1.7968193903267198,2.35408737867,-3.6839279,-0.14577105
2015-12-01,2.4267429,1.7867997,2.4436874,1.6911658,1.51,1.7371162117109098,2.3082649284860803,-3.2222022,0.06484594
2016-01-01,2.4706194,1.8466633,2.4667222,1.7145084,1.63,1.8040840127316,2.37167990336582,-1.6432275,0.34743915
2016-02-01,2.5325163,1.9632486,2.5442092,1.8724214,1.63,1.83315380994773,2.4203529506962003,-3.0541651,0.43125606
2016-03-01,2.524287,1.9659331,2.531878,1.8695731,1.64,1.81123561752299,2.4027275628442797,-2.8426734,-0.00852115
2016-04-01,2.5317118,1.9646308,2.537996,1.8640751,1.68,1.8857017698246799,2.4739656271642203,-1.8138762,0.06803691
2016-05-01,2.5578411,1.9304376,2.5711572,1.8319365,1.7,1.95362432397295,2.53865888716012,-2.2983063,0.56037966
2016-06-01,2.5561693,1.9431326,2.5689022,1.8468391,1.68,1.92912942662047,2.46626605579323,-2.2525114,0.64013411
2016-07-01,2.5763857,1.9829065,2.5758512,1.8652834,1.71,1.9214373150963997,2.51374264344577,-3.0836417,-0.07169506
2016-08-01,2.7089355,2.1924512,2.7228064,2.1182091,1.75,2.01034559945097,2.60630993996152,-2.7732164,0.04700944
2016-09-01,2.5996153,1.952253,2.6321032,1.8886092,1.79,1.99858838213265,2.56470205251311,-0.80485365,0.29341221
2016-10-01,2.4802117,1.6813435,2.5095184,1.5818307,1.88,2.01453646759668,2.5425199580191498,0.05423434,0.61622002
2016-11-01,2.4882912,1.6163281,2.5258013,1.5185083,1.92,2.0475246008416996,2.5586622002228903,0.02094743,0.1249755
2016-12-01,2.55745,1.710157,2.594944,1.617167,1.97,2.14551202188871,2.5757393244725897,1.131565,0.0761994
2017-01-01,2.619338,1.85542,2.661562,1.787637,2.02,2.2722854707306,2.6361225143792404,2.629855,0.0995085
2017-02-01,2.632062,1.885102,2.67446,1.821021,1.99,2.3201348770147003,2.69885752934012,3.590425,-0.0514933
2017-03-01,2.429762,1.544488,2.453344,1.416756,1.93,2.24059511001089,2.67306727990677,2.74087,-0.0511679
2017-04-01,2.247479,1.279662,2.25217,1.09923,1.88,2.07230034841861,2.48394607895217,2.21451,0.0750167
2017-05-01,2.15305,1.185573,2.155911,1.001468,1.8,1.9556252302173303,2.38691764982006,1.252128,-0.4436283
2017-06-01,2.125491,1.156375,2.13853,0.9916804,1.79,1.87056117159663,2.36964077007344,0.4607942,-0.6215355
2017-07-01,2.131408,1.188976,2.146769,1.033938,1.73,1.8448373029396299,2.3389537102243,0.7348228,-0.851769
2017-08-01,2.088795,1.063281,2.089832,0.8642485,1.74,1.8353848594381899,2.30004117544231,1.681884,-0.674155
2017-09-01,2.116569,1.180827,2.106697,0.9778104,1.74,1.7834884444417398,2.3309238412232003,2.722612,-1.195272
2017-10-01,2.1924,1.322542,2.192819,1.152266,1.73,1.7989593923888303,2.36487727557166,1.907567,-0.568017
2017-11-01,2.132831,1.262783,2.115031,1.056951,1.76,1.80074317768317,2.3616764493516804,2.666605,-0.3071017
2017-12-01,2.148421,1.251497,2.125472,1.02985,1.77,1.84825357637963,2.43805129800709,2.435092,-0.180385
2018-01-01,2.181068,1.28109,2.166305,1.074791,1.8,1.9019221847787402,2.49840648250501,2.25705,0.2253635
2018-02-01,2.156108,1.296291,2.131896,1.079657,1.83,1.89925071479973,2.39203175334803,2.716882,0.3130116
2018-03-01,2.366232,1.613937,2.369197,1.470341,1.88,1.9467681399490702,2.3960091615169903,2.404261,0.5838504
2018-04-01,2.480445,1.74427,2.493423,1.622934,1.84,2.04065587288074,2.51111019372419,2.634434,0.0880594
2018-05-01,2.540699,1.839019,2.544991,1.707471,1.95,2.13181656185863,2.58349493931438,3.667009,0.6395465
2018-06-01,2.564106,1.919216,2.553219,1.769079,1.98,2.20944534737919,2.64497844330702,3.713393,0.4093306
2018-07-01,2.526926,1.820776,2.519634,1.664795,2.02,2.20220674208427,2.64409056425328,4.0143,0.8134042
2018-08-01,2.435685,1.691321,2.432878,1.535886,2.0,2.17877749732642,2.64592643168278,3.409022,0.3329825
2018-09-01,2.459032,1.773115,2.461933,1.640543,2.02,2.2061669400696298,2.6012058102395,1.996309,0.6998937
2018-10-01,2.415122,1.718599,2.414988,1.577308,2.0,2.23686970800432,2.6163278480680896,2.694197,0.4542408
2018-11-01,2.480321,1.790278,2.476794,1.643353,2.05,2.29478826218894,2.72452024900092,1.270032,0.7179068
2018-12-01,2.48376,1.878777,2.46437,1.718392,2.04,2.34811462864732,2.72086358134065,0.840484,1.052102
2019-01-01,2.411346,1.767114,2.385533,1.586341,1.92,2.24693810826433,2.64338096039636,-0.4141217,1.021019
2019-02-01,2.412526,1.687411,2.376648,1.470726,1.95,2.20521944350971,2.7277880545703197,-0.5184259,0.72938
2019-03-01,2.436187,1.698228,2.399684,1.477758,1.98,2.29943378573536,2.83175719828346,0.6253362,0.3580462
2019-04-01,2.445644,1.681357,2.407927,1.452894,2.13,2.28522434233069,2.7771081800365605,1.175148,0.5153611
2019-05-01,2.43108,1.673533,2.39723,1.453584,2.03,2.18328700894292,2.7418370232768194,0.461187,0.0340921
2019-06-01,2.462939,1.665215,2.421751,1.422845,2.0,2.18048365277379,2.83936651869203,-0.1678163,0.665562
2019-07-01,2.5111,1.781217,2.460848,1.534966,2.05,2.27146005656527,2.8693270322002404,0.1900699,0.7843994
2019-08-01,2.666672,2.094742,2.629246,1.90528,2.07,2.29997057334714,2.88323731986293,-0.3692097,1.022406
2019-09-01,2.642322,2.000223,2.606767,1.799939,2.0,2.31304258072329,2.95143138285816,-0.4230867,1.082734
2019-10-01,2.760724,2.273746,2.733341,2.120842,2.01,2.38043938766634,2.9446944402315496,-0.5368199,0.2820578
2019-11-01,2.774669,2.347057,2.768217,2.246838,1.92,2.42444354515221,2.92204712465181,0.4412348,0.1585591
2019-12-01,2.746159,2.281338,2.746361,2.186299,1.91,2.377395444445,2.8970574105342997,1.291131,-0.2286617
2020-01-01,2.798425,2.324786,2.797067,2.224857,2.01,2.39900715177908,2.89506214968436,1.858717,-0.4756449
2020-02-01,2.802705,2.368547,2.812936,2.299025,2.01,2.42079744056996,2.86873474122087,1.284601,0.0799114
2020-03-01,2.657748,2.169316,2.647379,2.048239,1.92,2.3505074104096297,2.84872908960796,-1.115059,-0.6346526
2020-04-01,2.268669,1.596154,2.226352,1.373823,1.74,2.1959422874330903,2.82278897963513,-4.148506,-2.61747
2020-05-01,2.159064,1.417184,2.084208,1.116954,1.84,2.31578332266427,2.85086146879148,-4.253841,-3.086147
2020-06-01,2.150961,1.581596,2.058146,1.282542,1.83,2.29646185655588,2.67357558585901,-2.211303,-3.282318
2020-07-01,2.427197,2.10989,2.348857,1.891249,1.86,2.38919574733647,2.76843049676789,-1.739755,-2.333087
2020-08-01,2.381297,2.123186,2.288978,1.890031,1.86,2.44804376571996,2.7494292560725295,-0.4269019,-0.7785925
2020-09-01,2.2183,1.989563,2.077391,1.667995,1.89,2.38131144753455,2.58050364565972,0.3803714,0.6612983
2020-10-01,2.019862,1.64153,1.842159,1.217748,1.8,2.25511564933571,2.5230243000085295,0.1940351,1.34988
2020-11-01,1.986253,1.748414,1.798587,1.334453,1.76,2.13862859196383,2.33689704512112,0.0941256,1.517065
2020-12-01,1.917466,1.717625,1.716599,1.285772,1.76,2.14520352425036,2.25443281959872,1.036579,1.883086
2021-01-01,1.730392,1.512859,1.517012,1.052695,1.73,1.98962590806506,2.11445511345523,1.910921,1.942252
2021-02-01,1.718543,1.511415,1.527009,1.095535,1.74,2.0156697961282597,2.12288224482022,3.109812,1.159797
2021-03-01,1.877076,1.822707,1.706984,1.47988,1.82,2.10700434206401,2.07233688257453,6.146532,2.520636
2021-04-01,2.391392,2.727986,2.262331,2.54707,1.94,2.43515103606118,2.13696419403153,10.18311,8.166115
2021-05-01,2.727762,3.283249,2.623164,3.196853,2.04,2.5922624418934803,2.1735721341852297,12.32899,12.04976
2021-06-01,2.718451,3.11102,2.588579,2.940789,2.1,2.84262151125261,2.2974383915406604,13.54876,16.51192
2021-07-01,2.507472,2.686862,2.315464,2.351226,2.16,2.93173996789173,2.29498753057393,13.93114,16.53079
2021-08-01,2.546787,2.648019,2.343064,2.273413,2.26,3.08034482309691,2.4427537096805696,13.61554,14.50239
2021-09-01,2.816287,2.864472,2.638383,2.528438,2.49,3.44359848624036,2.76793896611243,13.44291,12.93949
2021-10-01,3.21651,3.39237,3.035619,3.077667,2.76,4.08789404958214,3.2453465487854998,15.66628,14.60567
2021-11-01,3.415788,3.456289,3.21432,3.073044,3.03,4.55755962125228,3.66315294012276,17.68063,16.5629
2021-12-01,3.682026,3.720372,3.484143,3.343302,3.26,4.936051009511639,3.9961482531379904,18.00233,18.72582
2022-01-01,4.169866,4.347896,3.988659,4.03015,3.63,5.47620756825271,4.451811183400809,17.90338,19.07013
2022-02-01,4.504002,4.731847,4.30707,4.393333,3.78,5.81513267354756,4.7607669804882,18.22356,19.74754
2022-03-01,4.748841,4.98416,4.558423,4.659331,3.86,6.1048797534869506,5.09544005427061,19.71955,18.24726
2022-04-01,4.922105,5.077198,4.721803,4.715766,3.91,6.200955823781349,5.37138796151824,17.84329,14.43543
2022-05-01,5.178052,5.281815,4.985582,4.923416,4.1,6.59632500252259,5.7189636095462,18.17688,12.20665
2022-06-01,5.588576,5.673568,5.422337,5.363652,4.48,6.94877181424018,6.11670748515212,18.33251,8.25796
2022-07-01,5.763025,5.672198,5.625329,5.384686,4.51,6.987164614569339,6.35638682596593,15.87983,7.000935
2022-08-01,6.131005,5.972774,5.991705,5.668807,4.75,7.214430532418059,6.72763904074247,14.24821,7.569409
2022-09-01,6.523821,6.360393,6.392795,6.074067,4.73,7.311568784632589,7.00543666161384,12.99324,7.261498
2022-10-01,6.513764,6.153527,6.364809,5.793145,4.75,6.9403171594495205,6.90929202523585,11.32268,5.231457
2022-11-01,6.607688,6.095739,6.471178,5.731625,4.7,6.67833805275944,6.8690172897758695,8.865959,2.758436
2022-12-01,6.728024,5.97147,6.617223,5.616926,4.66,6.584775683822159,6.9894739475167,6.425943,0.552248
2023-01-01,6.666817665,5.667318344,6.554492474,5.267580032,4.63,6.55254958346125,7.0848080919021905,6.358365536,0.099413104
